X;GAT;SPECIES_NUM;GAT_NAZWA;LATIN_NAME;SHRUBTREE_FL;BOT_SPECIES;BOT_GENUS;FOMATREE_GRP;ACT_TREE_GRP;BOT_NAME;WOOD_KIND_FL;TAX_TREE_GRP;BUL_SPECIES_NR;GRP_H;GRP_V;WORTH_GRP;AVG_CUT_AGE;AGE1;AGE2;NR_CYKLU;GRP_P_BDL;GRP_TH;GRP_P;GRP_V_TAB
1;ABI.AL.AU;40101;jodła pospolita;"Abies alba """"Aurea""""";D;jodła;"odm.""""Aurea""""";JD;JD;NA;I;NA;301;JD;JD;;NA;30;35;4;JD;JD;JD;JD
2;ABI.AL.FA;40102;jodła pospolita;"Abies alba """"Fastigiata""""";D;jodła;"odm.""""Fastigiata""""";JD;JD;NA;I;NA;302;JD;JD;;NA;30;35;4;JD;JD;JD;JD
3;ABI.AL.PE;40103;jodła pospolita;"Abies alba """"Pendula""""";D;jodła;"odm.""""Pendula""""";JD;JD;NA;I;NA;303;JD;JD;;NA;30;35;4;JD;JD;JD;JD
4;ABI.AL.PY;40104;jodła pospolita;"Abies alba """"Pyramidalis""""";D;jodła;"odm.""""Pyramidalis""""";JD;JD;NA;I;NA;304;JD;JD;;NA;30;35;4;JD;JD;JD;JD
5;ABI.FA;43400;jodła sp.;Abies fargessi;D;jodła;;JD;JD;NA;I;NA;305;JD;JD;;NA;30;35;4;JD;JD;JD;JD
6;ABI.PI;43500;jodła sp.;Abies pindrow;D;jodła;;JD;JD;NA;I;NA;306;JD;JD;;NA;30;35;4;JD;JD;JD;JD
7;ABI.SA.MA;42901;jodła sachalińska;Abies sachalinensis mayriana;D;jodła;odm.Mayra;JD;JD;NA;I;NA;307;JD;JD;;NA;30;35;4;JD;JD;JD;JD
8;ABI.SA.NE;42902;jodła sachalińska;Abies sachalinensis nemorensis;D;jodła;odm.leśna;JD;JD;NA;I;NA;308;JD;JD;;NA;30;35;4;JD;JD;JD;JD
9;ACE.NE.AU;320902;klon jesionolistny;Acer negundo Auratum;D;klon;"odm.""""Auratum""""";DB;BK;NA;L;NA;309;DB;DB;;NA;10;15;4;JW;DB;BK;BK
10;ACE.NE.AV;320904;klon jesionolistny;Acer negundo Aureovariegatum;D;klon;"odm.""""Aureovariegatum""""";DB;BK;NA;L;NA;310;DB;DB;;NA;10;15;4;JW;DB;BK;BK
11;ACE.NE.OD;320901;klon jesionolistny;Acer negundo Odessanum;D;klon;"odm.""""Odessanum""""";DB;BK;NA;L;NA;311;DB;DB;;NA;10;15;4;JW;DB;BK;BK
12;ACE.NE.VA;320903;klon jesionolistny;Acer negundo Variegatum;D;klon;"odm.""""Variegatum""""";DB;BK;NA;L;NA;312;DB;DB;;NA;10;15;4;JW;DB;BK;BK
13;ACE.PA.AT;321001;klon palmowy;Acer palmatum atropurpureum;D;klon;"odm.""""Atropurpureum""""";DB;BK;NA;L;NA;313;DB;DB;;NA;10;15;4;JW;DB;BK;BK
14;ACE.PL.CK;320107;klon pospolity;Acer platanoides;D;klon;odm. Crimson King;DB;BK;NA;L;NA;314;DB;DB;;NA;10;15;4;JW;DB;BK;BK
15;ACE.PL.DR;320104;klon pospolity;Acer platanoides Drummondii;D;klon;odm.Drummonda;DB;BK;NA;L;NA;315;DB;DB;;NA;10;15;4;JW;DB;BK;BK
16;ACE.PL.FB;320103;klon pospolity;Acer platanoides Faassen's Bl.;D;klon;"odm.""""Faassens Black""""";DB;BK;NA;L;NA;316;DB;DB;;NA;10;15;4;JW;DB;BK;BK
17;ACE.PL.GL;320105;klon pospolity;Acer platanoides Globosum;D;klon;"odm.""""Globosum""""";DB;BK;NA;L;NA;317;DB;DB;;NA;10;15;4;JW;DB;BK;BK
18;ACE.PL.LO;320106;klon pospolity;Acer platanoides Palmatifidum;D;klon;odm.Lorberga;DB;BK;NA;L;NA;318;DB;DB;;NA;10;15;4;JW;DB;BK;BK
19;ACE.PL.RE;320102;klon pospolity;Acer platanoides Reitenbacha;D;klon;odm.Reitenbacha;DB;BK;NA;L;NA;319;DB;DB;;NA;10;15;4;JW;DB;BK;BK
20;ACE.PL.SC;320101;klon pospolity;Acer platanoides Schwedleri;D;klon;odm.Schwedlera;DB;BK;NA;L;NA;320;DB;DB;;NA;10;15;4;JW;DB;BK;BK
21;ACE.PS.LE;320204;klon jawor;Acer pseudoplatanus Leopoldii;D;klon;"odm.""""Leopoldii""""";DB;BK;NA;L;NA;321;DB;DB;;NA;10;15;4;JW;DB;BK;BK
22;ACE.PS.PH;320203;klon jawor;Acer pseudoplatanus Pr.Handjer;D;klon;"odm.""""Prinz Handjery""""";DB;BK;NA;L;NA;322;DB;DB;;NA;10;15;4;JW;DB;BK;BK
23;ACE.PS.PU;320201;klon jawor;Acer pseudoplatanus Purpureum;D;klon;"odm.""""Purpureum""""";DB;BK;NA;L;NA;323;DB;DB;;NA;10;15;4;JW;DB;BK;BK
24;ACE.PS.SL;320205;klon jawor;Acer pseudoplatanus Sim.Lo.Fr.;D;klon;"odm.""""Simon Luis Freres""""";DB;BK;NA;L;NA;324;DB;DB;;NA;10;15;4;JW;DB;BK;BK
25;ACE.PS.WO;320202;klon jawor;Acer pseudoplatanus Worleei;D;klon;"odm.Worleei""""";DB;BK;NA;L;NA;325;DB;DB;;NA;10;15;4;JW;DB;BK;BK
26;ACE.SA.LU;320703;klon srebrzysty;Acer saccharinum Lutescens;D;klon;"odm.""""Lutescens""""";DB;BK;NA;L;NA;326;DB;DB;;NA;10;15;4;JW;DB;BK;BK
27;ACE.SA.PY;320702;klon srebrzysty;Acer saccharinum Pyramidale;D;klon;"odm.""""Pyramidale""""";DB;BK;NA;L;NA;327;DB;DB;;NA;10;15;4;JW;DB;BK;BK
28;ACE.SA.WI;320701;klon srebrzysty;Acer saccharinum Lacin.Wieri;D;klon;"odm.""""Wieri""""";DB;BK;NA;L;NA;328;DB;DB;;NA;10;15;4;JW;DB;BK;BK
29;AES.HI.BA;1100101;kasztanowiec biały;Aesculus hippocastanum Bauman.;D;kasztanowiec;"odm.""""Baumanni""""";OS;BRZ;NA;L;NA;329;BRZ;OS;;NA;10;15;4;OS;BRZ;BRZ;BRZ
30;AES.HI.PA;1100103;kasztanowiec biały;Aesculus hippocastanum Partyz.;D;kasztanowiec;"odm.""""Partyzant""""";OS;BRZ;NA;L;NA;330;BRZ;OS;;NA;10;15;4;OS;BRZ;BRZ;BRZ
31;AES.HI.PY;1100102;kasztanowiec biały;Aesculus hippocastanum Pyram.;D;kasztanowiec;"odm.""""Pyramidalis""""";OS;BRZ;NA;L;NA;331;BRZ;OS;;NA;10;15;4;OS;BRZ;BRZ;BRZ
32;AES.HI.UM;1100104;kasztanowiec biały;Aesculus hippocastanum Umbrac.;D;kasztanowiec;"odm.""""Umbraculifera""""";OS;BRZ;NA;L;NA;332;BRZ;OS;;NA;10;15;4;OS;BRZ;BRZ;BRZ
33;AGR;590100;agrest pospolity;Ribes grossularia;K;agrest;;;;NA;L;NA;333;;;;NA;NA;NA;4;;;;
34;AK;410100;robinia akacjowa;Robinia pseudoacacia;D;robinia;;BRZ;BRZ;NA;L;NA;88;BRZ;BRZ;OL;80;5;10;4;AK;AK;DB;DB
35;AKT.O;1160100;aktinidia ostrolistna;Actinidia arguta;K;aktinidia;;;;NA;L;NA;334;;;;NA;NA;NA;4;;;;
36;AKT.P;1160200;aktinidia pstrolistna;Actinidia kolomikta;K;aktinidia;;;;NA;L;NA;335;;;;NA;NA;NA;4;;;;
37;ALN.IN.LA;370201;olsza szara;"Alnus incana """"Laciniata""""";D;olsza;"odm.""""Laciniata""""";OL;OL;NA;L;NA;336;BK;OL;;NA;0;10;4;OL;BK;OL;OL
38;ALN.IN.PE;370202;olsza szara;"Alnus incana """"Pendula""""";D;olsza;"odm.""""Pendula""""";OL;OL;NA;L;NA;337;BK;OL;;NA;0;10;4;OL;BK;OL;OL
39;AMB.A;620100;ambrowiec amerykański;Liquidambar styraciflua;D;ambrowiec;;;;NA;L;NA;338;;;;NA;5;10;4;;;;
40;AMF.K;920100;amorfa krzewiasta;Amorpha fruticosa;K;amorfa;;;;NA;L;NA;339;;;;NA;NA;NA;4;;;;
41;ARA.C;70100;araukaria chilijska;Araucaria araucana;D;araukaria;;;;NA;I;NA;340;;;;NA;5;10;4;;;;
42;ARA.W;70200;araukaria wyniosła;Araucaria heterophylla;D;araukaria;;;;NA;I;NA;341;;;;NA;5;10;4;;;;
43;ARO.C;510099;aronia czarna;Aronia melanocarpa;K;aronia;;;;NA;L;NA;342;;;;NA;NA;NA;4;;;;
44;AZA.G;1240300;azalia gandawska;Rhododendron gandavense;K;azalia;;;;NA;L;NA;343;;;;NA;NA;NA;4;;;;
45;AZA.J;1240200;azalia japońska;Rhododendron japonicum;K;azalia;;;;NA;L;NA;344;;;;NA;NA;NA;4;;;;
46;AZA.P;1240100;azalia pontyjska;Rhododendron flavum;K;azalia;;;;NA;L;NA;345;;;;NA;NA;NA;4;;;;
47;BER;510100;berberys pospolity;Berberis vulgaris;K;berberys;;;;NA;L;NA;31;;;;NA;NA;NA;4;;;;
48;BER.AG.PR;510401;berberys wiązkowy;Berberis aggregata prattii;K;berberys;odm.Pratta;;;NA;L;NA;346;;;;NA;NA;NA;4;;;;
49;BER.AT.NA;510202;berberys Thunberga;Berberis thunbergii Atrop.Nana;K;berberys;"odm.""""Atropurpurea Nana""""";;;NA;L;NA;347;;;;NA;NA;NA;4;;;;
50;BER.B;510900;berberys brodawkowaty;Berberis verruculosa;K;berberys;;;;NA;L;NA;348;;;;NA;NA;NA;4;;;;
51;BER.C;510600;berberys Chopina;Berberis chopinii;K;berberys;;;;NA;L;NA;349;;;;NA;NA;NA;4;;;;
52;BER.C.PUR;510601;berberys Chopina;Berberis chopinii purpurowy;K;berberys;;;;NA;L;NA;350;;;;NA;NA;NA;4;;;;
53;BER.G;510800;berberys Gagnepaina;Berberis gagnepainii;K;berberys;;;;NA;L;NA;351;;;;NA;NA;NA;4;;;;
54;BER.GA.LA;510801;berberys Gagnepaina;Berberis gagnepainii lanceifo.;K;berberys;odm.lancetowata;;;NA;L;NA;352;;;;NA;NA;NA;4;;;;
55;BER.HYB.C;511001;berberys mieszańcowy;Berberis hyb.-gagnepa.Chenault;K;berberys;"odm.""""Chenault""""";;;NA;L;NA;353;;;;NA;NA;NA;4;;;;
56;BER.J;510700;berberys Juliany;Berberis julianae;K;berberys;;;;NA;L;NA;354;;;;NA;NA;NA;4;;;;
57;BER.K;510500;berberys koreański;Berberis koreana;K;berberys;;;;NA;L;NA;355;;;;NA;NA;NA;4;;;;
58;BER.T;510200;berberys Thunberga;Berberis thunbergii;K;berberys;;;;NA;L;NA;356;;;;NA;NA;NA;4;;;;
59;BER.TH.AT;510201;berberys Thunberga;Berberis thunbergii Atropurpu.;K;berberys;"odm.""""Atropurpurea""""";;;NA;L;NA;357;;;;NA;NA;NA;4;;;;
60;BER.VU.AT;510101;berberys pospolity;Berberis vulgaris Atropurpurea;K;berberys;"odm.""""Atropurpurea""""";;;NA;L;NA;358;;;;NA;NA;NA;4;;;;
61;BER.W;510400;berberys wiązkowy;Berberis aggregata;K;berberys;;;;NA;L;NA;359;;;;NA;NA;NA;4;;;;
62;BER.WI;510300;berberys Wilsona;Berberis wilsoniae;K;berberys;;;;NA;L;NA;360;;;;NA;NA;NA;4;;;;
63;BET.PE.DA;360103;brzoza brodawkowata;"Betula pendula """"Dalecarlica""""";D;brzoza;"odm.""""Dalecarlica""""";BRZ;BRZ;NA;L;NA;361;BRZ;BRZ;;NA;5;10;4;BRZ;BRZ;BRZ;BRZ
64;BET.PE.FA;360102;brzoza brodawkowata;"Betula pendula """"Fastigiata""""";D;brzoza;"odm.""""Fastigiata""""";BRZ;BRZ;NA;L;NA;362;BRZ;BRZ;;NA;5;10;4;BRZ;BRZ;BRZ;BRZ
65;BET.PE.OY;360104;brzoza brodawkowata;Betula pendula oycoviensis;D;brzoza;odm.oycoviensis;BRZ;BRZ;NA;L;NA;363;BRZ;BRZ;;NA;5;10;4;BRZ;BRZ;BRZ;BRZ
66;BET.PE.PU;360105;brzoza brodawkowata;Betula pendula;D;brzoza;odm. Purpurea;BRZ;BRZ;NA;L;NA;364;BRZ;BRZ;;NA;5;10;4;BRZ;BRZ;BRZ;BRZ
67;BET.PE.YO;360101;brzoza brodawkowata;"Betula pendula """"Youngii""""";D;brzoza;"odm.""""Youngii""""";BRZ;BRZ;NA;L;NA;365;BRZ;BRZ;;NA;5;10;4;BRZ;BRZ;BRZ;BRZ
68;BET.PU.CA;360201;brzoza omszona;Betula pubescens carpatica;K;brzoza;odm.carpatica;BRZ;BRZ;NA;L;NA;366;BRZ;BRZ;;NA;NA;NA;4;BRZ;BRZ;BRZ;BRZ
69;BEZ.C;1350100;bez czarny;Sambucus nigra;K;bez;;;;NA;L;NA;32;;;;NA;NA;NA;4;;;;
70;BEZ.K;1350200;bez koralowy;Sambucus racemosa;K;bez;;;;NA;L;NA;33;;;;NA;NA;NA;4;;;;
71;BK;300100;buk pospolity;Fagus silvatica;D;buk;;BK;BK;NA;L;NA;30;BK;BK;BK;120;25;35;4;BK;BK;BK;BK
72;BKP;1020100;bukszpan wieczniezielony;Buxus sempervirens;K;bukszpan;;;;NA;L;NA;367;;;;NA;NA;NA;4;;;;
73;BKW;850700;brzoskwinia pospolita;Prunus persica;D;śliwa;;;;NA;L;NA;368;;;;NA;5;10;4;;;;
74;BOŻ.G;1010100;bożodrzew gruczołkowaty;Ailanthus altissima;D;bożodrzew;;;;NA;L;NA;369;;;;NA;5;10;4;;;;
75;BRZ;360100;brzoza brodawkowata;Betula pendula;D;brzoza;;BRZ;BRZ;NA;L;NA;60;BRZ;BRZ;BRZ;80;5;10;4;BRZ;BRZ;BRZ;BRZ
76;BRZ.C;360300;brzoza ciemna;Betula obscura;D;brzoza;;BRZ;BRZ;NA;L;NA;370;BRZ;BRZ;;NA;5;10;4;BRZ;BRZ;BRZ;BRZ
77;BRZ.H;360700;brzoza Hosera;Betula Hoseri;D;brzoza;;BRZ;BRZ;NA;L;NA;371;BRZ;BRZ;;NA;5;10;4;BRZ;BRZ;BRZ;BRZ
78;BRZ.KA;360500;brzoza karłowata;Betula nana;K;brzoza;;BRZ;BRZ;NA;L;NA;372;BRZ;BRZ;;NA;NA;NA;4;BRZ;BRZ;BRZ;BRZ
79;BRZ.M;360800;brzoza Maksymowicza;Betula maximowicziana;D;brzoza;;BRZ;BRZ;NA;L;NA;373;BRZ;BRZ;;NA;5;10;4;BRZ;BRZ;BRZ;BRZ
80;BRZ.N;360400;brzoza niska;Betula humilis;K;brzoza;;BRZ;BRZ;NA;L;NA;374;BRZ;BRZ;;NA;NA;NA;4;BRZ;BRZ;BRZ;BRZ
81;BRZ.O;360200;brzoza omszona;Betula pubescens;D;brzoza;;BRZ;BRZ;NA;L;NA;62;BRZ;BRZ;BRZ;80;5;10;4;BRZ;BRZ;BRZ;BRZ
82;BRZ.P;360600;brzoza papierowa;Betula papyrifera;D;brzoza;;BRZ;BRZ;NA;L;NA;375;BRZ;BRZ;;NA;5;10;4;BRZ;BRZ;BRZ;BRZ
83;BST;330300;wiąz górski;Ulmus glabra;D;wiąz;;DB;DB;NA;L;NA;47;DB;DB;BK;120;20;30;4;WZ;DB;BK;BK
84;BUD.D;1310100;budleja Davida;Buddleja davidii;K;budleja;;;;NA;L;NA;376;;;;NA;NA;NA;4;;;;
85;BUD.S;1310200;budleja skrętolistna;Buddleja alternifolia;K;budleja;;;;NA;L;NA;377;;;;NA;NA;NA;4;;;;
86;BUX.SE.SU;1020101;bukszpan wieczniezielony;Buxus sempervirens Suffrutic.;K;bukszpan;"odm.""""Suffruticosa""""";;;NA;L;NA;378;;;;NA;NA;NA;4;;;;
87;CAR.BE.CO;350102;grab pospolity;Carpinus betulus Columnaris;D;grab;odm.kolumnowa;GB;DB;NA;L;NA;379;DB;DB;;NA;20;30;4;GB;DB;BK;BK
88;CAR.BE.FA;350103;grab pospolity;Carpinus betulus Fastigiata;D;grab;odm.stożkowa;GB;DB;NA;L;NA;380;DB;DB;;NA;20;30;4;GB;DB;BK;BK
89;CAR.BE.QU;350101;grab pospolity;Carpinus betulus Quercifolia;D;grab;odm.dŕbolistna;GB;DB;NA;L;NA;381;DB;DB;;NA;20;30;4;GB;DB;BK;BK
90;CDR.A;90100;cedr atlaski;Cedrus atlantica;D;cedr;;;;NA;I;NA;382;;;;NA;20;30;4;;;;
91;CDR.C;90200;cedr cypryjski;Cedrus brevifolia;D;cedr;;;;NA;I;NA;383;;;;NA;20;30;4;;;;
92;CDR.H;90300;cedr himalajski;Cedrus deodara;D;cedr;;;;NA;I;NA;384;;;;NA;20;30;4;;;;
93;CDR.L;90400;cedr libański;Cedrus libani;D;cedr;;;;NA;I;NA;385;;;;NA;20;30;4;;;;
94;CEC.DE.CO;80101;cedrzyniec kalifornijski;Calocedrus decurrens Columna.;D;cedrzyniec;"odm.""""Columnaris""""";;;NA;I;NA;386;;;;NA;20;30;4;;;;
95;CEC.K;80100;cedrzyniec kalifornijski;Calocedrus decurrens;D;cedrzyniec;;;;NA;I;NA;387;;;;NA;20;30;4;;;;
96;CED.AT.AR;90101;cedr atlaski;"cedrus atlantica """"Glauca""""";D;cedr;"odm.""""Glauca""""";;;NA;I;NA;388;;;;NA;20;30;4;;;;
97;CHA.JA.AL;720101;pigwowiec japoński;Chaenomeles japonica alpina;K;pigwowiec;odm.alpejska;;;NA;L;NA;389;;;;NA;NA;NA;4;;;;
98;CIS;190100;cis pospolity;Taxus baccata;D;cis;;JD;JD;NA;I;NA;24;JD;JD;JD;120;50;70;4;JD;JD;JD;JD
99;CIS.AD;190101;cis pospolity;Taxus baccata;D;cis;odm. Aurea Decora;;;NA;I;NA;390;;;;NA;50;70;4;;;;
100;CIS.AE;190102;cis pospolity;Taxus baccata;D;cis;odm. Adpressa Erecta;;;NA;I;NA;391;;;;NA;50;70;4;;;;
101;CIS.FA;190103;cis pospolity;Taxus baccata;D;cis;odm. Fastigiata Aureomarginata;;;NA;I;NA;392;;;;NA;50;70;4;;;;
102;CIS.J;190300;cis japoński;Taxus cuspidata;D;cis;;;;NA;I;NA;393;;;;NA;50;70;4;;;;
103;CIS.K;190200;cis kanadyjski;Taxus canadensis;D;cis;;;;NA;I;NA;394;;;;NA;50;70;4;;;;
104;CIS.P;190400;cis pośredni;Taxus media;D;cis;;;;NA;I;NA;395;;;;NA;50;70;4;;;;
105;COR.AL.AR;1220104;dereń biały;Cornus alba Argenteomarginata;K;dereń;odm.białobrzega;;;NA;L;NA;396;;;;NA;NA;NA;4;;;;
106;COR.AL.GO;1220105;dereń biały;Cornus alba Gouchaultii;K;dereń;odm.Gouchaulta;;;NA;L;NA;397;;;;NA;NA;NA;4;;;;
107;COR.AL.KE;1220102;dereń biały;Cornus alba Kesselringii;K;dereń;odm.Kesselringa;;;NA;L;NA;398;;;;NA;NA;NA;4;;;;
108;COR.AL.SI;1220101;dereń biały;Cornus alba sibirica;K;dereń;odm.syberyjska;;;NA;L;NA;399;;;;NA;NA;NA;4;;;;
109;COR.AL.SP;1220106;dereń biały;Cornus alba Spaethii;K;dereń;odm.Spatha;;;NA;L;NA;400;;;;NA;NA;NA;4;;;;
110;COR.AL.SV;1220103;dereń biały;Cornus alba Sibirica Variegata;K;dereń;odm.syberyjska pstrolistna;;;NA;L;NA;401;;;;NA;NA;NA;4;;;;
111;COR.AL.V;1220107;dereń biały;Cornus alba;K;dereń;odm. Variegata;;;NA;L;NA;402;;;;NA;NA;NA;4;;;;
112;COR.AV.AU;760102;leszczyna pospolita;Corylus avellana Aurea;K;leszczyna;odm.złocista;;;NA;L;NA;403;;;;NA;NA;NA;4;;;;
113;COR.AV.C;760105;leszczyna pospolita;Corylus avellana;K;leszczyna;odm. Contorta;;;NA;L;NA;404;;;;NA;NA;NA;4;;;;
114;COR.AV.FU;760101;leszczyna pospolita;Corylus avellana Fuscorubra;K;leszczyna;odm.purpurowa;;;NA;L;NA;405;;;;NA;NA;NA;4;;;;
115;COR.AV.HE;760103;leszczyna pospolita;Corylus avellana Heterophylla;K;leszczyna;odm.strzŕpolistna;;;NA;L;NA;406;;;;NA;NA;NA;4;;;;
116;COR.AV.P;760104;leszczyna pospolita;Corylus avellana;K;leszczyna;odm. Pendula;;;NA;L;NA;407;;;;NA;NA;NA;4;;;;
117;COR.ST.FL;1220201;dereń rozłogowy;Cornus stolonifera Flaviramea;K;dereń;odm.złotokora;;;NA;L;NA;408;;;;NA;NA;NA;4;;;;
118;COT.BU.FL;770801;irga pomarszczona;Cotoneaster bullata floribunda;K;irga;odm.kwiecista;;;NA;L;NA;409;;;;NA;NA;NA;4;;;;
119;COT.CO.PU;1050101;perukowiec podolski;Cotinus coggygria Purpureus;K;perukowiec;"odm.""""Purpureus""""";;;NA;L;NA;410;;;;NA;NA;NA;4;;;;
120;COT.CO.RU;1050102;perukowiec podolski;Cotinus coggygria Rubrifolius;K;perukowiec;"odm.""""Rubrifolius""""";;;NA;L;NA;411;;;;NA;NA;NA;4;;;;
121;COT.DA.RA;771201;irga Dammera;Cotoneaster dammeri radicans;K;irga;odm.pełzajaca;;;NA;L;NA;412;;;;NA;NA;NA;4;;;;
122;CPK.B;180100;cypryśnik błotny;Taxodium distichum;D;cypryśnik;;;;NA;I;NA;413;;;;NA;30;50;4;;;;
123;CPR.W;150100;cyprys wieczniezielony;Cupressus sempervirens;D;cyprys;;;;NA;I;NA;414;;;;NA;30;50;4;;;;
124;CPS.L;140100;cyprysowiec Leylanda;Cupressocyparis leylandii;D;cyprysowiec;;;;NA;I;NA;415;;;;NA;30;50;4;;;;
125;CRA.MO.BI;750101;głóg jednoszyjkowy;Crataegus monogyna Bicolor;K;głóg;"odm.""""Bicolor""""";;;NA;I;NA;416;;;;NA;NA;NA;4;;;;
126;CRA.MO.ST;750102;głóg jednoszyjkowy;Crataegus monogyna Stricta;K;głóg;"odm.""""Stricta""""";;;NA;L;NA;417;;;;NA;NA;NA;4;;;;
127;CRA.OX.CA;750203;głóg dwuszyjkowy;Crataegus oxyacantha Candidop.;K;głóg;"odm.""""Candidoplena""""";;;NA;L;NA;418;;;;NA;NA;NA;4;;;;
128;CRA.OX.PL;750204;głóg dwuszyjkowy;Crataegus oxyacantha Plena;K;głóg;"odm.""""Plena""""";;;NA;L;NA;419;;;;NA;NA;NA;4;;;;
129;CRA.OX.PS;750201;głóg dwuszyjkowy;Crataegus oxyacantha Paul Sc.;K;głóg;"odm.""""Paul's Scarlet's""""";;;NA;L;NA;420;;;;NA;NA;NA;4;;;;
130;CRA.OX.RP;750202;głóg dwuszyjkowy;Crataegus oxyacantha Rubra Pl.;K;głóg;"odm.""""Rubra Plena""""";;;NA;L;NA;421;;;;NA;NA;NA;4;;;;
131;CYP.G;110400;cyprysik groszkowy;Chamaecyparis pisifera;D;cyprysik;;JD;JD;NA;I;NA;201;JD;JD;JD;120;30;50;4;JD;JD;JD;JD
132;CYP.G.FN;110401;cyprysik groszkowy;Chamaecyparis pisifera;D;cyprysik;odm. Filifera Nana;;;NA;I;NA;422;;;;NA;30;50;4;;;;
133;CYP.G.N;110402;cyprysik groszkowy;Chamaecyparis pisifera;D;cyprysik;odm. Nana;;;NA;I;NA;423;;;;NA;30;50;4;;;;
134;CYP.G.PA;110403;cyprysik groszkowy;Chamaecyparis pisifera;D;cyprysik;odm. Plumosa Aurea;;;NA;I;NA;424;;;;NA;30;50;4;;;;
135;CYP.L;110100;cyprysik Lawsona;Chamaecyparis lawsoniana;D;cyprysik;;JD;JD;NA;I;NA;202;JD;JD;JD;120;30;50;4;JD;JD;JD;JD
136;CYP.L.AL;110101;cyprysik Lawsona;Chamaecyparis lawsoniana;D;cyprysik;odm. Alumnii;;;NA;I;NA;425;;;;NA;30;50;4;;;;
137;CYP.L.AU;110102;cyprysik Lawsona;Chamaecyparis lawsoniana;D;cyprysik;odm. Aurea;;;NA;I;NA;426;;;;NA;30;50;4;;;;
138;CYP.L.EG;110103;cyprysik Lawsona;Chamaecyparis lawsoniana;D;cyprysik;odm. Ellwood s Gold;;;NA;I;NA;427;;;;NA;30;50;4;;;;
139;CYP.L.LA;110104;cyprysik Lawsona;Chamaecyparis lawsoniana;D;cyprysik;odm. Lane;;;NA;I;NA;428;;;;NA;30;50;4;;;;
140;CYP.N;110200;cyprysik nutkajski;Chamaecyparis nootkanensis;D;cyprysik;;;;NA;I;NA;429;;;;NA;30;50;4;;;;
141;CYP.N.P;110201;cyprysik nutkajski;Chamaecyparis nootkatensis;D;cyprysik;odm. Pendula;;;NA;I;NA;430;;;;NA;30;50;4;;;;
142;CYP.T;110300;cyprysik tepoluski;Chamaecyparis obtusa;D;cyprysik;;;;NA;I;NA;431;;;;NA;30;50;4;;;;
143;CYP.T.NG;110301;cyprysik tępołuski;Chamaecyparis obtusa;D;cyprysik;odm. Nana Gracilis;;;NA;I;NA;432;;;;NA;30;50;4;;;;
144;CYP.Z;110500;cyprysik żywotnikowy;Chamaecyparis thyoides;D;cyprysik;;;;NA;I;NA;433;;;;NA;30;50;4;;;;
145;CZM;851800;czeremcha pospolita;Prunus padus;D;śliwa;;BRZ;BRZ;NA;L;NA;86;BRZ;BRZ;OS;50;10;20;4;BRZ;BRZ;BRZ;BRZ
146;CZM.P;851900;czeremcha późna;Prunus serotina;D;śliwa;;BRZ;BRZ;NA;L;NA;434;BRZ;BRZ;;NA;10;20;4;BRZ;BRZ;BRZ;BRZ
147;CZR;851300;czereśnia pospolita;;D;śliwa;;BRZ;BRZ;NA;L;NA;82;BRZ;BRZ;OS;50;10;20;4;BRZ;BRZ;BRZ;BRZ
148;CZR.P;851400;czereśnia ptasia;Prunus avium;D;śliwa;;BRZ;BRZ;NA;L;NA;104;BRZ;BRZ;OS;50;10;20;4;BRZ;BRZ;BRZ;BRZ
149;DB;310100;dąb nieokreślony;Quercus species;D;dąb;;DB;DB;NA;L;NA;40;DB;DB;DB;140;20;30;4;DB;DB;DB;DB
150;DB.B;310300;dąb bezszypułkowy;Quercus petraea;D;dąb;;DB;DB;NA;L;NA;42;DB;DB;DB;140;20;30;4;DB;DB;DB;DB
151;DB.BI;310600;dąb biały;Quercus alba;D;dąb;;DB;DB;NA;L;NA;435;DB;DB;;NA;20;30;4;DB;DB;DB;DB
152;DB.BŁ;311000;dąb błotny;Quercus palustris;D;dąb;;DB;DB;NA;L;NA;436;DB;DB;;NA;20;30;4;DB;DB;DB;DB
153;DB.BU;310900;dąb burgundzki;Quercus cerris;D;dąb;;DB;DB;NA;L;NA;437;DB;DB;;NA;20;30;4;DB;DB;DB;DB
154;DB.C;310400;dąb czerwony;Quercus rubra;D;dąb;;DB;DB;NA;L;NA;43;DB;DB;DB;140;20;30;4;DB.C;DB.CZ;DB;DB
155;DB.D;311200;dąb dachówkowy;Quercus imbricaria;D;dąb;;DB;DB;NA;L;NA;438;DB;DB;;NA;20;30;4;DB;DB;DB;DB
156;DB.K;310800;dąb kaukaski;Quercus macranthera;D;dąb;;DB;DB;NA;L;NA;439;DB;DB;;NA;20;30;4;DB;DB;DB;DB
157;DB.O;310500;dąb omszony;Quercus pubescens;D;dąb;;DB;DB;NA;L;NA;440;DB;DB;;NA;20;30;4;DB;DB;DB;DB
158;DB.S;310200;dąb szypułkowy;Quercus robur;D;dąb;;DB;DB;NA;L;NA;41;DB;DB;DB;140;20;30;4;DB;DB;DB;DB
159;DB.SZ;311100;dąb szkarłatny;Quercus coccinea;D;dąb;;DB;DB;NA;L;NA;441;DB;DB;;NA;20;30;4;DB;DB;DB;DB
160;DB.W;310700;dąb wielkoowocowy;Quercus macrocarpa;D;dąb;;DB;DB;NA;L;NA;442;DB;DB;;NA;20;30;4;DB;DB;DB;DB
161;DBK.O;830100;dąbik ośmiopłatkowy;Dryas octopetala;K;dębik;;;;NA;L;NA;443;;;;NA;NA;NA;4;;;;
162;DER.B;1220100;dereń biały;Cornus alba;K;dereń;;;;NA;L;NA;34;;;;NA;NA;NA;4;;;;
163;DER.J;1220400;dereń jadalny;Cornus mas;K;dereń;;;;NA;L;NA;444;;;;NA;NA;NA;4;;;;
164;DER.K;1220500;dereń kousa;Cornus kousa;K;dereń;;;;NA;L;NA;445;;;;NA;NA;NA;4;;;;
165;DER.R;1220200;dereń rozłogowy;Cornus stolonifera;K;dereń;;;;NA;L;NA;446;;;;NA;NA;NA;4;;;;
166;DER.Ś;1220300;dereń świdwa;Cornus sanguinea;K;dereń;;;;NA;L;NA;55;;;;NA;NA;NA;4;;;;
167;DEU.GR.CA;560202;żylistek różowy;Deutzia rosea Campanulata;K;żylistek;"odm.""""Campanulata""""";;;NA;L;NA;447;;;;NA;NA;NA;4;;;;
168;DEU.GR.GR;560201;żylistek różowy;Deutzia rosea Grandiflora;K;żylistek;"odm.""""Grandiflora""""";;;NA;L;NA;448;;;;NA;NA;NA;4;;;;
169;DEU.SC.CA;560304;żylistek szorstki;Deutzia scabra Candidissima;K;żylistek;"odm.""""Candidissima""""";;;NA;L;NA;449;;;;NA;NA;NA;4;;;;
170;DEU.SC.PL;560302;żylistek szorstki;Deutzia scabra Plena;K;żylistek;"odm.""""Plena""""";;;NA;L;NA;450;;;;NA;NA;NA;4;;;;
171;DEU.SC.PR;560303;żylistek szorstki;Deutzia scabra Pr. of Rochest.;K;żylistek;"odm.""""Pride of Rochester""""";;;NA;L;NA;451;;;;NA;NA;NA;4;;;;
172;DEU.SC.VA;560301;żylistek szorstki;Deutzia scabra Watereri;K;żylistek;"odm.""""Watereri""""";;;NA;L;NA;452;;;;NA;NA;NA;4;;;;
173;DG;50100;daglezja zielona;Pseudotsuga menziesii;D;daglezja;;JD;JD;NA;I;NA;23;DG;DG;JD;120;10;15;4;DG;DG;JD;JD
174;DG.S;50200;daglezja szara;Pseudotsuga caesia;D;daglezja;;JD;JD;NA;I;NA;206;DG;DG;JD;120;10;15;4;DG;DG;JD;JD
175;DŁW.A;1080200;dławisz amerykański;Celastrus scandens;K;dławisz;;;;NA;L;NA;453;;;;NA;NA;NA;4;;;;
176;DŁW.O;1080100;dławisz okrągłolistny;Celastrus orbiculata;K;dławisz;;;;NA;L;NA;454;;;;NA;NA;NA;4;;;;
177;EGZ.W;680100;egzochorda wielkokwiatowa;Exochorda racemosa;K;egzochorda;;;;NA;L;NA;455;;;;NA;NA;NA;4;;;;
178;EUO.FO.GR;1070402;trzmielina Fortune'a;Euonymus fortunei Gracilis;K;trzmielina;odm.pstrolistna;;;NA;L;NA;456;;;;NA;NA;NA;4;;;;
179;EUO.FO.RA;1070401;trzmielina Fortune'a;Euonymus fortunei radicans;K;trzmielina;odm.położona;;;NA;L;NA;457;;;;NA;NA;NA;4;;;;
180;EUO.NA.TU;1070501;trzmielina niska;Euonymus nana turkestanica;K;trzmielina;odm.turkiestanska;;;NA;L;NA;458;;;;NA;NA;NA;4;;;;
181;FAG.SI.AS;300107;buk pospolity;Fagus silvatica Asplenifolia;D;buk;"odm.""""Asplenifolia""""";BK;BK;NA;L;NA;459;BK;BK;;NA;25;35;4;BK;BK;BK;BK
182;FAG.SI.AT;300101;buk pospolity;Fagus silvatica Atropunicea;D;buk;"odm.""""Atropunicea""""";BK;BK;NA;L;NA;460;BK;BK;;NA;25;35;4;BK;BK;BK;BK
183;FAG.SI.CU;300102;buk pospolity;Fagus silvatica Cuprea;D;buk;"odm.""""Cuprea""""";BK;BK;NA;L;NA;461;BK;BK;;NA;25;35;4;BK;BK;BK;BK
184;FAG.SI.FA;300108;buk pospolity;Fagus silvatica Fastigiata;D;buk;"odm.""""Fastigiata""""";BK;BK;NA;L;NA;462;BK;BK;;NA;25;35;4;BK;BK;BK;BK
185;FAG.SI.PE;300103;buk pospolity;Fagus silvatica Pendula;D;buk;"odm.""""Pendula""""";BK;BK;NA;L;NA;463;BK;BK;;NA;25;35;4;BK;BK;BK;BK
186;FAG.SI.RO;300105;buk pospolity;Fagus silvatica Roseomarginata;D;buk;"odm.""""Roseomarginata""""";BK;BK;NA;L;NA;464;BK;BK;;NA;25;35;4;BK;BK;BK;BK
187;FAG.SI.ZL;300106;buk pospolity;Fagus silvatica Zlatia;D;buk;"odm.""""Zlatia""""";BK;BK;NA;L;NA;465;BK;BK;;NA;25;35;4;BK;BK;BK;BK
188;FOR.IN.DE;1270204;forsycja pośrednia;Forsythia intermedia Densifl.;K;forsycja;odm.gŕstokwiatowa;;;NA;L;NA;466;;;;NA;NA;NA;4;;;;
189;FOR.IN.NA;1270205;forsycja pośrednia;Forsythia intermedia Nana;K;forsycja;odm.karłowa;;;NA;L;NA;467;;;;NA;NA;NA;4;;;;
190;FOR.IN.PR;1270203;forsycja pośrednia;Forsythia intermedia Primulina;K;forsycja;odm.pierwiosnkowa;;;NA;L;NA;468;;;;NA;NA;NA;4;;;;
191;FOR.IN.SP;1270201;forsycja pośrednia;Forsythia intermedia Spectab.;K;forsycja;odm.okazala;;;NA;L;NA;469;;;;NA;NA;NA;4;;;;
192;FOR.IN.SS;1270206;forsycja pośrednia;Forsythia intermedia;K;forsycja;odm. Spectabilis;;;NA;L;NA;470;;;;NA;NA;NA;4;;;;
193;FOR.IN.VI;1270202;forsycja pośrednia;Forsythia intermedia Vitellina;K;forsycja;odm.ciemnożółta;;;NA;L;NA;471;;;;NA;NA;NA;4;;;;
194;FOR.SU.FO;1270102;forsycja zwisająca;Forsythia suspensa fortune'a;K;forsycja;odm.Fortune'a;;;NA;L;NA;472;;;;NA;NA;NA;4;;;;
195;FOR.SU.SI;1270101;forsycja zwisająca;Forsythia suspensa sieboldii;K;forsycja;odm.Siebolda;;;NA;L;NA;473;;;;NA;NA;NA;4;;;;
196;FOT.A;610100;fotergilia amerykańska;Fothergilla major;K;fotergilia;;;;NA;L;NA;474;;;;NA;NA;NA;4;;;;
197;FRA.EX.AP;340105;jesion wyniosły;Fraxinus excelsior Aurea Pend.;D;jesion;odm.złotokora zwisająca;DB;JS;NA;L;NA;475;BK;BK;;NA;15;20;4;JS;BK;DB;DB
198;FRA.EX.AU;340104;jesion wyniosły;Fraxinus excelsior Aurea;D;jesion;odm.złotokora;DB;JS;NA;L;NA;476;BK;BK;;NA;15;20;4;JS;BK;DB;DB
199;FRA.EX.DI;340102;jesion wyniosły;Fraxinus excelsior Diversifoli;D;jesion;odm.jednolistna;DB;JS;NA;L;NA;477;BK;BK;;NA;15;20;4;JS;BK;DB;DB
200;FRA.EX.EL;340107;jesion wyniosły;Fraxinus excelsior Elegantiss.;D;jesion;odm.drobnolistna;DB;JS;NA;L;NA;478;BK;BK;;NA;15;20;4;JS;BK;DB;DB
201;FRA.EX.HP;340103;jesion wyniosły;Fraxinus excel. Heteroph.Pend.;D;jesion;odm.jednolistna zwisająca;DB;JS;NA;L;NA;479;BK;BK;;NA;15;20;4;JS;BK;DB;DB
202;FRA.EX.NA;340106;jesion wyniosły;Fraxinus excelsior Nana;D;jesion;odm.kulista;DB;JS;NA;L;NA;480;BK;BK;;NA;15;20;4;JS;BK;DB;DB
203;FRA.EX.PE;340101;jesion wyniosły;Fraxinus excelsior Pendula;D;jesion;odm.zwisająca;DB;JS;NA;L;NA;481;BK;BK;;NA;15;20;4;JS;BK;DB;DB
204;FRA.PE.AU;340202;jesion pensylwanski;Fraxinus pennsylva. Aucubae.;D;jesion;odm.pstrolistna;DB;JS;NA;L;NA;482;BK;BK;;NA;15;20;4;JS;BK;DB;DB
205;FRA.PE.CR;340203;jesion pensylwanski;Fraxinus pennsylvanica Crispa;D;jesion;odm.kulista;DB;JS;NA;L;NA;483;BK;BK;;NA;15;20;4;JS;BK;DB;DB
206;FRA.PE.LA;340201;jesion pensylwanski;Fraxinus pennsylvanica lanceo.;D;jesion;odm.wąskolistna;DB;JS;NA;L;NA;484;BK;BK;;NA;15;20;4;JS;BK;DB;DB
207;FRS.E;1270500;forsycja europejska;Forsythia europaea;K;forsycja;;;;NA;L;NA;485;;;;NA;NA;NA;4;;;;
208;FRS.K;1270400;forsycja koreańska;Forsythia ovata;K;forsycja;;;;NA;L;NA;486;;;;NA;NA;NA;4;;;;
209;FRS.KO;1270600;forsycja Kobendzy;Forsythia kobendzae;K;forsycja;;;;NA;L;NA;487;;;;NA;NA;NA;4;;;;
210;FRS.M;1270300;forsycja 'Maluch';Forsythia 'Maluch';K;forsycja;;;;NA;L;NA;488;;;;NA;NA;NA;4;;;;
211;FRS.P;1270200;forsycja pośrednia;Forsythia intermedia;K;forsycja;;;;NA;L;NA;489;;;;NA;NA;NA;4;;;;
212;FRS.Z;1270100;forsycja zwisająca;Forsythia suspensa;K;forsycja;;;;NA;L;NA;490;;;;NA;NA;NA;4;;;;
213;FSI.PU.PE;300104;buk pospolity;Fagus silvatica Purpurea Pend.;D;buk;"odm.""""Purpurea Pendula""""";BK;BK;NA;L;NA;491;BK;BK;;NA;25;35;4;BK;BK;BK;BK
214;GB;350100;grab pospolity;Carpinus betulus;D;grab;;GB;DB;NA;L;NA;50;GB;GB;GB;80;20;30;4;GB;GB;BK;BK
215;GLC.C;930200;glicynia chińska;Wisteria sinesis;K;glicynia;;;;NA;L;NA;492;;;;NA;NA;NA;4;;;;
216;GLC.K;930100;glicynia kwiecista;Wisteria floribunda;K;glicynia;;;;NA;L;NA;493;;;;NA;NA;NA;4;;;;
217;GLE.TR.IN;860101;iglicznia trójcierniowa;Gleditsia triacanthos Inermis;D;iglicznia;odm.bezbronna;;;NA;L;NA;494;;;;NA;20;30;4;;;;
218;GŁG;750100;głóg jednoszyjkowy;Crataegus monogyna;K;głóg;;;BRZ;NA;L;NA;66;;;;NA;NA;NA;4;;;;
219;GŁG.D;750200;głóg dwuszyjkowy;Crataegus oxyacantha;K;głóg;;;;NA;L;NA;495;;;;NA;NA;NA;4;;;;
220;GŁG.DL;750500;głóg długocierniowy;Crataegus macracantha;K;głóg;;;;NA;L;NA;496;;;;NA;NA;NA;4;;;;
221;GŁG.K;750700;głóg kropkowany;Crataegus punctata;K;głóg;;;;NA;L;NA;497;;;;NA;NA;NA;4;;;;
222;GŁG.l;750600;głóg Lavallego;Crataegus lavallei;K;głóg;;;;NA;L;NA;498;;;;NA;NA;NA;4;;;;
223;GŁG.O;750400;głóg ostrogowy;Crataegus crus-galli;K;głóg;;;;NA;L;NA;499;;;;NA;NA;NA;4;;;;
224;GŁG.S;750300;głóg szkarłatny;Crataegus coccinea;K;głóg;;;;NA;L;NA;500;;;;NA;NA;NA;4;;;;
225;GŁK.K;740100;głogownik kosmaty;Photinia villosa;K;głogownik;;;;NA;L;NA;501;;;;NA;NA;NA;4;;;;
226;GŁW.C;100100;głowocis chiński;Cephalotaxus fortunei;D;głowocis;;;;NA;I;NA;502;;;;NA;20;30;4;;;;
227;GŁW.J;100200;głowocis japoński;Cephalotaxus harringtonia;D;głowocis;;;;NA;I;NA;503;;;;NA;20;30;4;;;;
228;GR;700100;grusza pospolita;Pyrus communis;D;grusza;;BRZ;BRZ;NA;L;NA;81;BRZ;BRZ;OS;50;15;20;4;BRZ;BRZ;BRZ;BRZ
229;GR.O;700300;grusza oliwnikowa;Pyrus elaeagrifolia;D;grusza;;BRZ;BRZ;NA;L;NA;504;BRZ;BRZ;;NA;15;20;4;BRZ;BRZ;BRZ;BRZ
230;GR.W;700200;grusza wierzbolistna;Pyrus salicifolia;D;grusza;;BRZ;BRZ;NA;L;NA;505;BRZ;BRZ;;NA;15;20;4;BRZ;BRZ;BRZ;BRZ
231;GRJ.J;520100;grujecznik japoński;Cercidiphyllum japonicum;D;grujecznik;;;;NA;L;NA;506;;;;NA;15;20;4;;;;
232;HAM.JA.FP;600301;oczar japonski;Hamamelis japonica flavo-purp.;K;oczar;odm.złotopurpurowa;;;NA;L;NA;507;;;;NA;NA;NA;4;;;;
233;HOR.B;570300;hortensja bukietowa;Hydrangea paniculata;K;hortensja;;;;NA;L;NA;508;;;;NA;NA;NA;4;;;;
234;HOR.K;570200;hortensja krzewiasta;Hydrangea arborescens;K;hortensja;;;;NA;L;NA;509;;;;NA;NA;NA;4;;;;
235;HOR.O;570100;hortensja ogrodowa;Hydrangea macrophylla;K;hortensja;;;;NA;L;NA;510;;;;NA;NA;NA;4;;;;
236;HOR.P;570400;hortensja pnąca;Hydrangea petiolaris;K;hortensja;;;;NA;L;NA;511;;;;NA;NA;NA;4;;;;
237;HYD.AR.GR;570201;hortensja krzewiasta;Hydrangea arborescens Grandif.;K;hortensja;"odm.""""Grandiflora""""";;;NA;L;NA;512;;;;NA;NA;NA;4;;;;
238;HYD.PA.GR;570301;hortensja bukietowa;Hydrangea paniculata Grandifl.;K;hortensja;"odm.""""Grandiflora""""";;;NA;L;NA;513;;;;NA;NA;NA;4;;;;
239;IGL.T;860100;iglicznia trójcierniowa;Gleditsia triacanthos;D;iglicznia;;;;NA;L;NA;514;;;;NA;20;30;4;;;;
240;IRG;770400;irga pospolita;Cotoneaster integerrima;K;irga;;;;NA;L;NA;515;;;;NA;NA;NA;4;;;;
241;IRG.B;771000;irga błyszcząca;Cotoneaster lucida;K;irga;;;;NA;L;NA;516;;;;NA;NA;NA;4;;;;
242;IRG.C;770600;irga czarna;Cotoneaster melanocarpa;K;irga;;;;NA;L;NA;517;;;;NA;NA;NA;4;;;;
243;IRG.D;770700;irga Dielsa;Cotoneaster dielsiana;K;irga;;;;NA;L;NA;518;;;;NA;NA;NA;4;;;;
244;IRG.DA;771200;irga Dammera;Cotoneaster dammeri;K;irga;;;;NA;L;NA;519;;;;NA;NA;NA;4;;;;
245;IRG.DA.CB;771202;irga Dammera;Cotoneaster dammeri;K;irga;odm. Coral Beauty;;;NA;L;NA;520;;;;NA;NA;NA;4;;;;
246;IRG.K;770500;irga kutnerowata;Cotoneaster tomentosa;K;irga;;;;NA;L;NA;521;;;;NA;NA;NA;4;;;;
247;IRG.P;770100;irga pozioma;Cotoneaster horizontalis;K;irga;;;;NA;L;NA;522;;;;NA;NA;NA;4;;;;
248;IRG.PO;770800;irga pomarszczona;Cotoneaster bullata;K;irga;;;;NA;L;NA;523;;;;NA;NA;NA;4;;;;
249;IRG.R;770300;irga rozkrzewiona;Cotoneaster divaricata;K;irga;;;;NA;L;NA;524;;;;NA;NA;NA;4;;;;
250;IRG.W;770200;irga wczesna;Cotoneaster praecox;K;irga;;;;NA;L;NA;525;;;;NA;NA;NA;4;;;;
251;IRG.WK;771100;irga wielokwiatowa;Cotoneaster multiflora;K;irga;;;;NA;L;NA;526;;;;NA;NA;NA;4;;;;
252;IRG.WL;770900;irga wielkolistna;Cotoneaster foveolata;K;irga;;;;NA;L;NA;527;;;;NA;NA;NA;4;;;;
253;IWA;390800;wierzba iwa;Salix caprea;D;wierzba;;OS;OS;NA;L;NA;97;BRZ;BRZ;OS;50;0;10;4;OS;BRZ;BRZ;BRZ
254;IWA.P;390801;wierzba iwa;Salix caprea;D;wierzba;odm. Pendula;OS;OS;NA;L;NA;528;BRZ;BRZ;;NA;0;10;4;OS;BRZ;BRZ;BRZ
255;JAŁ;60100;jałowiec pospolity;Juniperus communis;K;jałowiec;;;;NA;I;NA;35;;;;NA;NA;NA;4;;;;
256;JAŁ.C;60200;jałowiec chiński;Juniperus chinensis;K;jałowiec;;;;NA;I;NA;529;;;;NA;NA;NA;4;;;;
257;JAŁ.C.CG;60201;jałowiec chiński;Juniperus chinensis;K;jałowiec;odm. Columnaris Glauca;;;NA;I;NA;530;;;;NA;NA;NA;4;;;;
258;JAŁ.C.P;60202;jałowiec chiński;Juniperus chinensis;K;jałowiec;odm. Pfizeriana;;;NA;I;NA;531;;;;NA;NA;NA;4;;;;
259;JAŁ.C.PA;60203;jałowiec chiński;Juniperus chinensis;K;jałowiec;odm. Pfizeriana Aurea;;;NA;I;NA;532;;;;NA;NA;NA;4;;;;
260;JAŁ.C.S;60204;jałowiec chiński;Juniperus chinensis;K;jałowiec;odm. Stricta;;;NA;I;NA;533;;;;NA;NA;NA;4;;;;
261;JAŁ.C.V;60205;jałowiec chiński;Juniperus chinensis;K;jałowiec;odm. Variegata;;;NA;I;NA;534;;;;NA;NA;NA;4;;;;
262;JAŁ.DA;60101;jałowiec pospolity;Juniperus communis;K;jałowiec;odm. Depressa Aurea;;;NA;I;NA;535;;;;NA;NA;NA;4;;;;
263;JAŁ.G;60500;jałowiec grecki;Juniperus excelsa;K;jałowiec;;;;NA;I;NA;536;;;;NA;NA;NA;4;;;;
264;JAŁ.GK;60900;jałowiec grubokory;Juniperus pachyphloea;K;jałowiec;;;;NA;I;NA;537;;;;NA;NA;NA;4;;;;
265;JAŁ.HI;60102;jałowiec pospolity;Juniperus communis;K;jałowiec;odm. Hibernica;;;NA;I;NA;538;;;;NA;NA;NA;4;;;;
266;JAŁ.K;60800;jałowiec kolczasty;Juniperus oxycedrus;K;jałowiec;;;;NA;I;NA;539;;;;NA;NA;NA;4;;;;
267;JAŁ.Ł;61400;jałowiec łuskowaty;Juniperus squamata;K;jałowiec;;;;NA;I;NA;540;;;;NA;NA;NA;4;;;;
268;JAŁ.Ł.BC;61401;jałowiec łuskowaty;Juniperus squamata;K;jałowiec;odm. Blue Carpet;;;NA;I;NA;541;;;;NA;NA;NA;4;;;;
269;JAŁ.N;60300;jałowiec nadbrzeżny;Juniperus conferta;K;jałowiec;;;;NA;I;NA;542;;;;NA;NA;NA;4;;;;
270;JAŁ.P;60400;jałowiec pestkowaty;Juniperus drupacea;K;jałowiec;;;;NA;I;NA;543;;;;NA;NA;NA;4;;;;
271;JAŁ.PL;60600;jałowiec płożący;Juniperus horizontalis;K;jałowiec;;;;NA;I;NA;544;;;;NA;NA;NA;4;;;;
272;JAŁ.PL.BC;60601;jałowiec płożący;Juniperus horizontalis;K;jałowiec;odm. Blue Chip;;;NA;I;NA;545;;;;NA;NA;NA;4;;;;
273;JAŁ.PL.DG;60603;jałowiec płożący;Juniperus horizontalis;K;jałowiec;odm. Douglasii;;;NA;I;NA;546;;;;NA;NA;NA;4;;;;
274;JAŁ.PL.MO;60604;jałowiec płożący;Juniperus horizontalis;K;jałowiec;odm. Montana;;;NA;I;NA;547;;;;NA;NA;NA;4;;;;
275;JAŁ.PL.RP;60602;jałowiec płożący;Juniperus horizontalis;K;jałowiec;odm. Reptans;;;NA;I;NA;548;;;;NA;NA;NA;4;;;;
276;JAŁ.PL.WT;60605;jałowiec płożący;Juniperus horizontalis;K;jałowiec;odm. Wiltonii;;;NA;I;NA;549;;;;NA;NA;NA;4;;;;
277;JAŁ.R;61000;jałowiec rozesłany;Juniperus procumbens;K;jałowiec;;;;NA;I;NA;550;;;;NA;NA;NA;4;;;;
278;JAŁ.S;61100;jałowiec sztywny;Juniperus rigida;K;jałowiec;;;;NA;I;NA;551;;;;NA;NA;NA;4;;;;
279;JAŁ.SA;61200;jałowiec sawina;Juniperus sabina;K;jałowiec;;;;NA;I;NA;552;;;;NA;NA;NA;4;;;;
280;JAŁ.SA.BD;61201;jałowiec sabiński  (sawina);Juniperus sabina;K;jałowiec;odm. Blue Danube;;;NA;I;NA;553;;;;NA;NA;NA;4;;;;
281;JAŁ.SA.T;61202;jałowiec sabiński  (sawina);Juniperus sabina;K;jałowiec;odm. Tamariscifolia;;;NA;I;NA;554;;;;NA;NA;NA;4;;;;
282;JAŁ.SK;61300;jałowiec skalny;Juniperus scopulorum;K;jałowiec;;;;NA;I;NA;555;;;;NA;NA;NA;4;;;;
283;JAŁ.TM;60103;jałowiec pospolity;Juniperus communis;K;jałowiec;odm. Tempelhof;;;NA;I;NA;556;;;;NA;NA;NA;4;;;;
284;JAŁ.W;61500;jałowiec wirginijski;Juniperus virginiana;K;jałowiec;;;;NA;I;NA;557;;;;NA;NA;NA;4;;;;
285;JAŁ.W.GO;61501;jałowiec wirginijski;Juniperus virginiana;K;jałowiec;odm. Grey Owl;;;NA;I;NA;558;;;;NA;NA;NA;4;;;;
286;JAŁ.W.S;61502;jałowiec wirginijski;Juniperus virginiana;K;jałowiec;odm. Skyrocket;;;NA;I;NA;559;;;;NA;NA;NA;4;;;;
287;JAŁ.Z;60700;jałowiec zachodni;Juniperus occidentalis;K;jałowiec;;;;NA;I;NA;560;;;;NA;NA;NA;4;;;;
288;JAN.B;970200;janowiec barwierski;Genista tinctoria;K;janowiec;;;;NA;L;NA;561;;;;NA;NA;NA;4;;;;
289;JAN.C;970100;janowiec ciernisty;Genista germanica;K;janowiec;;;;NA;L;NA;562;;;;NA;NA;NA;4;;;;
290;JAN.W;970300;janowiec włosisty;Genista pilosa;K;janowiec;;;;NA;L;NA;563;;;;NA;NA;NA;4;;;;
291;JAŚ.F;550300;jaśminowiec Falconera;Philadelphus falconeri;K;jaśminowiec;;;;NA;L;NA;564;;;;NA;NA;NA;4;;;;
292;JAŚ.K;550200;jaśminowiec kaukaski;Philadelphus caucasicus;K;jaśminowiec;;;;NA;L;NA;565;;;;NA;NA;NA;4;;;;
293;JAŚ.L;550400;jaśminowiec Lemoine'a;Philadelphus lemoinei;K;jaśminowiec;;;;NA;L;NA;566;;;;NA;NA;NA;4;;;;
294;JAŚ.P;550700;jaśminowiec panieński;Philadelphus virginalis;K;jaśminowiec;;;;NA;L;NA;567;;;;NA;NA;NA;4;;;;
295;JAŚ.P.BS;550703;jaśminowiec panieński;Philadelphus virginalis;K;jaśminowiec;odm. Biały Sopel;;;NA;L;NA;568;;;;NA;NA;NA;4;;;;
296;JAŚ.P.G;550702;jaśminowiec panieński;Philadelphus virginalis;K;jaśminowiec;odm. Girandale;;;NA;L;NA;569;;;;NA;NA;NA;4;;;;
297;JAŚ.W;550100;jaśminowiec wonny;Philadelphus coronarius;K;jaśminowiec;;;;NA;L;NA;570;;;;NA;NA;NA;4;;;;
298;JAŚ.WI;550500;jaśminowiec wierzchotkowy;Philadelphus cymosus;K;jaśminowiec;;;;NA;L;NA;571;;;;NA;NA;NA;4;;;;
299;JAŚ.WL;550600;jaśminowiec wielkokwiatowy;Philadelphus polyanthus;K;jaśminowiec;;;;NA;L;NA;572;;;;NA;NA;NA;4;;;;
300;JB;690100;jabłoń dzika;Malus silvestris;D;jabłoń;;BRZ;BRZ;NA;L;NA;84;BRZ;BRZ;OS;50;15;25;4;BRZ;BRZ;BRZ;BRZ
301;JB.J;690400;jabłoń jagodowa;Malus baccata;D;jabłoń;;BRZ;BRZ;NA;L;NA;573;BRZ;BRZ;;NA;15;25;4;BRZ;BRZ;BRZ;BRZ
302;JB.K;690500;jabłoń kwiecista;Malus floribunda;D;jabłoń;;BRZ;BRZ;NA;L;NA;574;BRZ;BRZ;;NA;15;25;4;BRZ;BRZ;BRZ;BRZ
303;JB.N;690200;jabłoń niska;Malus pumila;D;jabłoń;;BRZ;BRZ;NA;L;NA;575;BRZ;BRZ;;NA;15;25;4;BRZ;BRZ;BRZ;BRZ
304;JB.P;690300;jabłoń purpurowa;Malus purpurea;D;jabłoń;;BRZ;BRZ;NA;L;NA;576;BRZ;BRZ;;NA;15;25;4;BRZ;BRZ;BRZ;BRZ
305;JB.S;690600;jabłoń Scheideckera;Malus scheideckeri;D;jabłoń;;BRZ;BRZ;NA;L;NA;577;BRZ;BRZ;;NA;15;25;4;BRZ;BRZ;BRZ;BRZ
306;JD;40100;jodła pospolita;Abies alba;D;jodła;;JD;JD;NA;I;NA;21;JD;JD;JD;120;30;35;4;JD;JD;JD;JD
307;JD.A;40300;jodła Arnolda;Abies arnoldiana;D;jodła;;JD;JD;NA;I;NA;578;JD;JD;;NA;30;35;4;JD;JD;JD;JD
308;JD.AL;42500;jodła algierska;Abies numidica;D;jodła;;JD;JD;NA;I;NA;579;JD;JD;;NA;30;35;4;JD;JD;JD;JD
309;JD.B;40500;jodła Borysa;Abies borisii-regis;D;jodła;;JD;JD;NA;I;NA;580;JD;JD;;NA;30;35;4;JD;JD;JD;JD
310;JD.BA;40400;jodła balsamiczna;Abies balsamea;D;jodła;;JD;JD;NA;I;NA;581;JD;JD;;NA;30;35;4;JD;JD;JD;JD
311;JD.BK;42300;jodła białokora;Abies nephrolepis;D;jodła;;JD;JD;NA;I;NA;582;JD;JD;;NA;30;35;4;JD;JD;JD;JD
312;JD.BO;40600;jodła Bornmullera;Abies bornmuelleriana;D;jodła;;JD;JD;NA;I;NA;583;JD;JD;;NA;30;35;4;JD;JD;JD;JD
313;JD.D;41100;jodła Delavaya;Abies delavayi;D;jodła;;JD;JD;NA;I;NA;584;JD;JD;;NA;30;35;4;JD;JD;JD;JD
314;JD.F;41400;jodła Frasera;Abies fraseri;D;jodła;;JD;JD;NA;I;NA;585;JD;JD;;NA;30;35;4;JD;JD;JD;JD
315;JD.G;41900;jodła górska;Abies lasiocarpa;D;jodła;;JD;JD;NA;I;NA;586;JD;JD;;NA;30;35;4;JD;JD;JD;JD
316;JD.GK;41901;jodła górska;Abies lasiocarpa ssp.arizonica;D;jodła;odm.korkowa;JD;JD;NA;I;NA;587;JD;JD;;NA;30;35;4;JD;JD;JD;JD
317;JD.GR;40800;jodła grecka;Abies cephalonica;D;jodła;;JD;JD;NA;I;NA;588;JD;JD;;NA;30;35;4;JD;JD;JD;JD
318;JD.H;42700;jodła hiszpańska;Abies pinsapo;D;jodła;;JD;JD;NA;I;NA;589;JD;JD;;NA;30;35;4;JD;JD;JD;JD
319;JD.J;41000;jodła jednobarwna;Abies concolor;D;jodła;;JD;JD;NA;I;NA;590;JD;JD;;NA;30;35;4;JD;JD;JD;JD
320;JD.JP;41300;jodła japońska;Abies firma;D;jodła;;JD;JD;NA;I;NA;591;JD;JD;;NA;30;35;4;JD;JD;JD;JD
321;JD.K;41800;jodła koreańska;Abies koreana;D;jodła;;JD;JD;NA;I;NA;592;JD;JD;;NA;30;35;4;JD;JD;JD;JD
322;JD.KS;42400;jodła kaukaska;Abies nordmanniana;D;jodła;;JD;JD;NA;I;NA;593;JD;JD;;NA;30;35;4;JD;JD;JD;JD
323;JD.M;41600;jodła mandżurska;Abies holophylla;D;jodła;;JD;JD;NA;I;NA;594;JD;JD;;NA;30;35;4;JD;JD;JD;JD
324;JD.MS;42100;jodła marokańska;Abies marocana;D;jodła;;JD;JD;NA;I;NA;595;JD;JD;;NA;30;35;4;JD;JD;JD;JD
325;JD.N;40700;jodła nadobna;Abies bracteata;D;jodła;;JD;JD;NA;I;NA;596;JD;JD;;NA;30;35;4;JD;JD;JD;JD
326;JD.NI;41700;jodła nikko;Abies homolepis;D;jodła;;JD;JD;NA;I;NA;597;JD;JD;;NA;30;35;4;JD;JD;JD;JD
327;JD.NO;43300;jodła nieokreślona;Abies species;D;jodła;;JD;JD;NA;I;NA;598;JD;JD;;NA;30;35;4;JD;JD;JD;JD
328;JD.O;41500;jodła olbrzymia;Abies grandis;D;jodła;;JD;JD;NA;I;NA;599;JD;JD;;NA;30;35;4;JD;JD;JD;JD
329;JD.P;42600;jodła Pardego;Abies pardei;D;jodła;;JD;JD;NA;I;NA;600;JD;JD;;NA;30;35;4;JD;JD;JD;JD
330;JD.S;40900;jodła syryjska;Abies cylicica;D;jodła;;JD;JD;NA;I;NA;601;JD;JD;;NA;30;35;4;JD;JD;JD;JD
331;JD.SC;42900;jodła sachalińska;Abies sachalinensis;D;jodła;;JD;JD;NA;I;NA;602;JD;JD;;NA;30;35;4;JD;JD;JD;JD
332;JD.SL;42800;jodła szlachetna;Abies procera;D;jodła;;JD;JD;NA;I;NA;603;JD;JD;;NA;30;35;4;JD;JD;JD;JD
333;JD.SY;42200;jodła sycylijska;Abies nebrodensis;D;jodła;;JD;JD;NA;I;NA;604;JD;JD;;NA;30;35;4;JD;JD;JD;JD
334;JD.SYB;43000;jodła syberyjska;Abies sibirica;D;jodła;;JD;JD;NA;I;NA;605;JD;JD;;NA;30;35;4;JD;JD;JD;JD
335;JD.T;41200;jodła trojanska;Abies equi-trojani;D;jodła;;JD;JD;NA;I;NA;606;JD;JD;;NA;30;35;4;JD;JD;JD;JD
336;JD.V;43100;jodła Veitha;Abies veitchii;D;jodła;;JD;JD;NA;I;NA;607;JD;JD;;NA;30;35;4;JD;JD;JD;JD
337;JD.VI;43200;jodła Vilmorina;Abies vilmorinii;D;jodła;;JD;JD;NA;I;NA;608;JD;JD;;NA;30;35;4;JD;JD;JD;JD
338;JD.W;40200;jodła wonna;Abies amabilis;D;jodła;;JD;JD;NA;I;NA;609;JD;JD;;NA;30;35;4;JD;JD;JD;JD
339;JD.WS;42000;jodła wspaniała;Abies magnifica;D;jodła;;JD;JD;NA;I;NA;610;JD;JD;;NA;30;35;4;JD;JD;JD;JD
340;JD.WS.S;42001;jodła wspaniała;Abies magnifica var.shastensis;D;jodła;szasteńska;JD;JD;NA;I;NA;611;JD;JD;;NA;30;35;4;JD;JD;JD;JD
341;JEM;480100;jemioła pospolita;Viscum album;K;jemioła;;;;NA;L;NA;612;;;;NA;NA;NA;4;;;;
342;JEM.J;480200;jemioła jodłowa;Viscum abietis;K;jemioła;;;;NA;L;NA;613;;;;NA;NA;NA;4;;;;
343;JEM.R;480300;jemioła rozpierzchła;Viscum laxum;K;jemioła;;;;NA;L;NA;614;;;;NA;NA;NA;4;;;;
344;JKL;320900;klon jesionolistny;Acer negundo;D;klon;;OS;BK;NA;L;NA;94;DB;DB;OS;50;10;15;4;JW;DB;BK;BK
345;JRZ;730100;jarząb pospolity;Sorbus aucuparia;D;jarząb;;BRZ;BRZ;NA;L;NA;87;BRZ;BRZ;OS;50;15;20;4;BRZ;BRZ;BRZ;BRZ
346;JRZ.B;730500;jarząb brekinia;Sorbus torminalis;D;jarząb;;BRZ;BRZ;NA;L;NA;105;BRZ;BRZ;OS;50;15;20;4;BRZ;BRZ;BRZ;BRZ
347;JRZ.M;730400;jarząb mączny;Sorbus aria;D;jarząb;;BRZ;BRZ;NA;L;NA;615;BRZ;BRZ;;NA;15;20;4;BRZ;BRZ;BRZ;BRZ
348;JRZ.P;730300;jarzab pośredni;Sorbus hybrida;D;jarząb;;BRZ;BRZ;NA;L;NA;616;BRZ;BRZ;;NA;15;20;4;BRZ;BRZ;BRZ;BRZ
349;JRZ.S;730200;jarzab szwedzki;Sorbus intermedia;D;jarząb;;BRZ;BRZ;NA;L;NA;617;BRZ;BRZ;;NA;15;20;4;BRZ;BRZ;BRZ;BRZ
350;JS;340100;jesion wyniosły;Fraxinus excelsior;D;jesion;;DB;JS;NA;L;NA;48;BK;BK;DB;140;15;20;4;JS;JS;DB;JS
351;JS.A;340300;jesion amerykanski;Fraxinus americana;D;jesion;;DB;JS;NA;L;NA;106;BK;BK;DB;140;15;20;4;JS;JS;DB;JS
352;JS.M;340400;jesion mannowy;Fraxinus ornus;D;jesion;;DB;JS;NA;L;NA;618;BK;BK;;NA;15;20;4;JS;JS;DB;JS
353;JS.P;340200;jesion pensylwanski;Fraxinus pennsylvanica;D;jesion;;DB;JS;NA;L;NA;619;BK;BK;;NA;15;20;4;JS;JS;DB;JS
354;JŚM.N;1300100;jaśmin nagokwiatowy;Jasminum nudiflorum;K;jaśmin;;;;NA;L;NA;620;;;;NA;NA;NA;4;;;;
355;JUD.K;880200;judaszowiec kanadyjski;Circis canadensis;K;judaszowiec;;;;NA;L;NA;621;;;;NA;NA;NA;4;;;;
356;JUD.P;880100;judaszowiec południowy;Cercis siliquastrum;K;judaszowiec;;;;NA;L;NA;622;;;;NA;NA;NA;4;;;;
357;JW;320200;klon jawor;Acer pseudoplatanus;D;klon;;DB;BK;NA;L;NA;45;BK;BK;BK;100;10;15;4;JW;BK;BK;BK
358;KAL.B;1360500;kalina Burkwooda;Viburnum burkwoodii;K;kalina;;;;NA;L;NA;623;;;;NA;NA;NA;4;;;;
359;KAL.H;1360200;kalina hordowina;Viburnum lantana;K;kalina;;;;NA;L;NA;624;;;;NA;NA;NA;4;;;;
360;KAL.J;1360400;kalina Judda;Viburnum juddii;K;kalina;;;;NA;L;NA;625;;;;NA;NA;NA;4;;;;
361;KAL.K;1360100;kalina koralowa;Viburnum opulus;K;kalina;;;;NA;L;NA;36;;;;NA;NA;NA;4;;;;
362;KAL.KA;1360800;kalina kanadyjska;Viburnum lentago;K;kalina;;;;NA;L;NA;626;;;;NA;NA;NA;4;;;;
363;KAL.KR;1360300;kalina koreanska;Viburnum carlesii;K;kalina;;;;NA;L;NA;627;;;;NA;NA;NA;4;;;;
364;KAL.S;1360600;kalina sztywnolistna;Viburnum rhytidophyllum;K;kalina;;;;NA;L;NA;628;;;;NA;NA;NA;4;;;;
365;KAL.W;1360700;kalina wonna;Viburnum fragrans;K;kalina;;;;NA;L;NA;629;;;;NA;NA;NA;4;;;;
366;KAR.C;940300;karagana ciernista;Caragana spinosa;K;karagana;;;;NA;L;NA;630;;;;NA;NA;NA;4;;;;
367;KAR.K;940400;karagana karłowata;Caragana pygmaea;K;karagana;;;;NA;L;NA;631;;;;NA;NA;NA;4;;;;
368;KAR.P;940200;karagana podolska;Caragana frutex;K;karagana;;;;NA;L;NA;632;;;;NA;NA;NA;4;;;;
369;KAR.PO;940500;karagana pomarańczowa;Caragana aurantiaca;K;karagana;;;;NA;L;NA;633;;;;NA;NA;NA;4;;;;
370;KAR.S;940100;karagana syberyjska;Caragana arborescens;K;karagana;;;;NA;L;NA;634;;;;NA;NA;NA;4;;;;
371;KER.JA.PL;800101;złotlin japoński;Kerria japonica Pleniflora;K;złotlin;"odm.""""Pleniflora""""";;;NA;L;NA;635;;;;NA;NA;NA;4;;;;
372;KET.S;1150100;ketmia syryjska;Hibiscus syriacus;K;ketmia;;;;NA;L;NA;636;;;;NA;10;15;4;;;;
373;KL;320100;klon pospolity;Acer platanoides;D;klon;;DB;BK;NA;L;NA;44;BK;BK;BK;100;10;15;4;JW;BK;BK;BK
374;KL.C;320600;klon cukrowy;Acer saccharum;D;klon;;DB;BK;NA;L;NA;637;BK;BK;;NA;10;15;4;JW;KL;BK;BK
375;KL.CZ;320800;klon czerwony;Acer rubrum;D;klon;;DB;BK;NA;L;NA;638;;;;NA;10;15;4;;KL;;
376;KL.CZ.CO;320801;klon czerwony;Acer rubrum;D;klon;odm. Columnare;DB;BK;NA;L;NA;639;;;;NA;10;15;4;;KL;;
377;KL.G;320400;klon ginnala;Acer ginnala;D;klon;;DB;BK;NA;L;NA;640;BK;BK;;NA;10;15;4;JW;KL;BK;BK
378;KL.N;321300;klon nikkonski;Acer nikoense;D;klon;;DB;BK;NA;L;NA;641;BK;BK;;NA;10;15;4;JW;KL;BK;BK
379;KL.O;321100;klon okrągłolistny;Acer circinatum;D;klon;;DB;BK;NA;L;NA;642;BK;BK;;NA;10;15;4;JW;KL;BK;BK
380;KL.P;320500;klon polny;Acer campestre;D;klon;;DB;BK;NA;L;NA;107;BK;BK;BK;100;10;15;4;JW;KL;BK;BK
381;KL.PA;321000;klon palmowy;Acer palmatum;D;klon;;DB;BK;NA;L;NA;643;BK;BK;;NA;10;15;4;JW;KL;BK;BK
382;KL.PE;321200;klon pensylwanski;Acer pensylvanicum;D;klon;;DB;BK;NA;L;NA;644;BK;BK;;NA;10;15;4;JW;KL;BK;BK
383;KL.SR;320700;klon srebrzysty;Acer saccharinum;D;klon;;DB;BK;NA;L;NA;645;BK;BK;;NA;10;15;4;JW;KL;BK;BK
384;KL.T;320300;klon tatarski;Acer tataricum;D;klon;;DB;BK;NA;L;NA;646;BK;BK;;NA;10;15;4;JW;KL;BK;BK
385;KLC.P;1330100;kolcowój pospolity;Lycium halimifolium;K;kolcowój;;;;NA;L;NA;647;;;;NA;NA;NA;4;;;;
386;KLM.S;1250100;kalmia szrokolistna;Kalmia latifolia;K;kalmia;;;;NA;L;NA;648;;;;NA;NA;NA;4;;;;
387;KŁK.K;870100;kłęk kanadyjski;Gymnocladus dioicus;D;kłęk;;;;NA;L;NA;649;;;;NA;10;15;4;;;;
388;KŁO.P;1090100;kłokoczka południowa;Staphylea pinnata;K;kłokoczka;;;;NA;L;NA;650;;;;NA;NA;NA;4;;;;
389;KOK.W;490100;kokornak wielkokwiatowy;Aristolochia durior;K;kokornak;;;;NA;L;NA;651;;;;NA;NA;NA;4;;;;
390;KRK.A;1000100;korkowiec amurski;Phellodendron amurense;D;korkowiec;;;;NA;L;NA;652;;;;NA;20;30;4;;;;
391;KRU;1120100;kruszyna pospolita;Rhamnus frangula;K;kruszyna;;;;NA;L;NA;37;;;;NA;NA;NA;4;;;;
392;KSZ;1100100;kasztanowiec biały;Aesculus hippocastanum;D;kasztanowiec;;OS;BRZ;NA;L;NA;93;BRZ;OS;OS;50;10;15;4;OS;BRZ;BRZ;BRZ
393;KSZ.C;1100200;kasztanowiec czerwony;Aesculus carnea;D;kasztanowiec;;OS;BRZ;NA;L;NA;653;BRZ;OS;;NA;10;15;4;OS;BRZ;BRZ;BRZ
394;KSZ.D;1100600;kasztanowiec drobnokwiatowy;Aesculus parviflora;D;kasztanowiec;;OS;BRZ;NA;L;NA;654;BRZ;OS;;NA;10;15;4;OS;BRZ;BRZ;BRZ
395;KSZ.G;1100400;kasztanowiec gładki;Aesculus glabra;D;kasztanowiec;;OS;BRZ;NA;L;NA;655;BRZ;OS;;NA;10;15;4;OS;BRZ;BRZ;BRZ
396;KSZ.K;1100500;kasztanowiec krwisty;Aesculus pavia;D;kasztanowiec;;OS;BRZ;NA;L;NA;656;BRZ;OS;;NA;10;15;4;OS;BRZ;BRZ;BRZ
397;KSZ.Z;1100300;kasztanowiec zółty;Aesculus octandra;D;kasztanowiec;;OS;BRZ;NA;L;NA;657;BRZ;OS;;NA;10;15;4;OS;BRZ;BRZ;BRZ
398;KT;840100;kasztan jadalny;Castanea sativa;D;kasztan;;DB;DB;NA;L;NA;108;DB;DB;OS;50;NA;NA;4;DB;DB;DB;DB
399;KTP.B;1340200;katalpa bignoniowa;Catalpa bignonioides;D;katalpa;;;;NA;L;NA;658;;;;NA;10;15;4;;;;
400;KTP.O;1340400;katalpa okazała;Catalpa speciosa;D;katalpa;;;;NA;L;NA;659;;;;NA;10;15;4;;;;
401;KTP.P;1340300;katalpa pośrednia;Catalpa erubescens;D;katalpa;;;;NA;L;NA;660;;;;NA;10;15;4;;;;
402;KTP.Z;1340100;katalpa żołtokwiatowa;Catalpa ovata;D;katalpa;;;;NA;L;NA;661;;;;NA;10;15;4;;;;
403;KUN.C;130100;kuningamia chińska;Cunninghamia lanceolata;D;kuningamia;;;;NA;I;NA;662;;;;NA;20;30;4;;;;
404;LAR.EU.FA;20101;modrzew europejski;"Larix decidua """"Fastigiata""""";D;modrzew;"odm.""""Fastigiata""""";SO;MD;NA;I;NA;663;SO;SO;;NA;10;15;4;MD;MD;MD;MD
405;LAR.EU.GL;20102;modrzew europejski;"Larix decidua """"Glauca""""";D;modrzew;"odm.""""Glauca""""";SO;MD;NA;I;NA;664;SO;SO;;NA;10;15;4;MD;MD;MD;MD
406;LAR.EU.PE;20103;modrzew europejski;"Larix decidua """"Pendula""""";D;modrzew;"odm.""""Pendula""""";SO;MD;NA;I;NA;665;SO;SO;;NA;10;15;4;MD;MD;MD;MD
407;LAR.GM.JA;20401;modrzew daurski;Larix gmelinii japonica;D;modrzew;odm.japońska;SO;MD;NA;I;NA;666;SO;SO;;NA;10;15;4;MD;MD;MD;MD
408;LAR.GM.OL;20402;modrzew daurski;Larix gmelinii olgensis;D;modrzew;odm.ussuryjska;SO;MD;NA;I;NA;667;SO;SO;;NA;10;15;4;MD;MD;MD;MD
409;LAR.GM.PR;20403;modrzew daurski;Larix gmelinii pr.-rupprechtii;D;modrzew;odm.Ruprechta;SO;MD;NA;I;NA;668;SO;SO;;NA;10;15;4;MD;MD;MD;MD
410;LAR.LA.PE;20601;modrzew japoński;"Larix kaempferi """"Pendula""""";D;modrzew;"odm.""""Pendula""""";SO;MD;NA;I;NA;669;SO;SO;;NA;10;15;4;MD;MD;MD;MD
411;LAR.LA.PY;20701;modrzew amerykański;Larix laricina Pyr.Argentea;D;modrzew;"odm.""""Pyramidalis-Argentea""""";SO;MD;NA;I;NA;670;SO;SO;;NA;10;15;4;MD;MD;MD;MD
412;LAR.PE.CO;21001;modrzew zwisły;"Larix pendula """"Contorta""""";D;modrzew;"odm.""""Contorta""""";SO;MD;NA;I;NA;671;SO;SO;;NA;10;15;4;MD;MD;MD;MD
413;LAW.W;1320100;lawenda wąskolistna;Lavandula angustifolia;K;lawenda;;;;NA;L;NA;672;;;;NA;NA;NA;4;;;;
414;LEU.EU.SU;20105;modrzew europejski;Larix decidua sudetica;D;modrzew;odm.sudecka;SO;MD;NA;I;NA;673;SO;SO;;NA;10;15;4;MD;MD;MD;MD
415;LIG;1290100;ligustr pospolity;Ligustrum vulgare;K;ligustr;;;;NA;L;NA;39;;;;NA;NA;NA;4;;;;
416;LIG.A;1290400;ligustr amurski;Ligustrum amurense;K;ligustr;;;;NA;L;NA;674;;;;NA;NA;NA;4;;;;
417;LIG.J;1290200;ligustr jajolistny;Ligustrum ovalifolium;K;ligustr;;;;NA;L;NA;675;;;;NA;NA;NA;4;;;;
418;LIG.OB.RE;1290301;ligustr tępolistny;Ligustrum obtusifol.regelianum;K;ligustr;odm.Regela;;;NA;L;NA;676;;;;NA;NA;NA;4;;;;
419;LIG.T;1290300;ligustr tępolistny;Ligustrum obtusifolium;K;ligustr;;;;NA;L;NA;677;;;;NA;NA;NA;4;;;;
420;LIG.VU.AT;1290102;ligustr pospolity;Ligustrum vulgare Atrovirens;K;ligustr;odm.ciemnozielona;;;NA;L;NA;678;;;;NA;NA;NA;4;;;;
421;LIG.VU.AU;1290104;ligustr pospolity;Ligustrum vulgare Aureum;K;ligustr;odm.złocista;;;NA;L;NA;679;;;;NA;NA;NA;4;;;;
422;LIG.VU.CH;1290105;ligustr pospolity;Ligustrum vulgare Chlorocarpum;K;ligustr;odm.zielonoowocowa;;;NA;L;NA;680;;;;NA;NA;NA;4;;;;
423;LIG.VU.DE;1290106;ligustr pospolity;Ligustrum vulgare Densiflorum;K;ligustr;odm.gęstokwiatowa;;;NA;L;NA;681;;;;NA;NA;NA;4;;;;
424;LIG.VU.LO;1290101;ligustr pospolity;Ligustrum vulgare Lodense;K;ligustr;odm.karłowa;;;NA;L;NA;682;;;;NA;NA;NA;4;;;;
425;LIG.VU.PY;1290103;ligustr pospolity;Ligustrum vulgare Pyramidale;K;ligustr;odm.stożkowa;;;NA;L;NA;683;;;;NA;NA;NA;4;;;;
426;LIL;1280100;lilak pospolity;Syringa vulgaris;K;lilak;;;;NA;L;NA;684;;;;NA;NA;NA;4;;;;
427;LIL.A;1280800;lilak amurski;Syringa amurensis;K;lilak;;;;NA;L;NA;685;;;;NA;NA;NA;4;;;;
428;LIL.C;1280400;lilak chiński;Syringa chinensis;K;lilak;;;;NA;L;NA;686;;;;NA;NA;NA;4;;;;
429;LIL.H;1280200;lilak hiacyntowy;Syringa hiacithiflora;K;lilak;;;;NA;L;NA;687;;;;NA;NA;NA;4;;;;
430;LIL.J;1280500;lilak Josiki;Syringa josikaea;K;lilak;;;;NA;L;NA;688;;;;NA;NA;NA;4;;;;
431;LIL.M;1280900;lilak Meyera;Syringa meyeri;K;lilak;;;;NA;L;NA;689;;;;NA;NA;NA;4;;;;
432;LIL.P;1280300;lilak perski;Syringa persica;K;lilak;;;;NA;L;NA;690;;;;NA;NA;NA;4;;;;
433;LIL.PR;1280700;lilak Prestony;Syringa prestoniae;K;lilak;;;;NA;L;NA;691;;;;NA;NA;NA;4;;;;
434;LIL.W;1281000;lilak Wolfa;Syringa wolfii;K;lilak;;;;NA;L;NA;692;;;;NA;NA;NA;4;;;;
435;LIL.Z;1280600;lilak zwisły;Syringa reflexa;K;lilak;;;;NA;L;NA;693;;;;NA;NA;NA;4;;;;
436;LON.IN.SE;1391101;suchodrzew skrytoowocowy;Lonicera involucrata serotina;K;suchodrzew;odm.późna;;;NA;L;NA;694;;;;NA;NA;NA;4;;;;
437;LON.SP.AL;1391201;suchodrzew ciernisty;Lonicera spinosa albertii;K;suchodrzew;odm.Alberta;;;NA;L;NA;695;;;;NA;NA;NA;4;;;;
438;LP;400100;lipa drobnolistna;Tilia cordata;D;lipa;;OS;BK;NA;L;NA;95;LP;OS;OL;80;10;15;4;LP;LP;BK;BK
439;LP.A;400600;lipa amerykańska;Tilia americana;D;lipa;;OS;BK;NA;L;NA;696;LP;OS;;NA;10;15;4;LP;LP;BK;BK
440;LP.D;400900;lipa dlugoogonkowa;Tilia petiolaris;D;lipa;;OS;BK;NA;L;NA;697;LP;OS;;NA;10;15;4;LP;LP;BK;BK
441;LP.G;401000;lipa gwiaździsta;Tilia stellata;D;lipa;;OS;BK;NA;L;NA;698;LP;OS;;NA;10;15;4;LP;LP;BK;BK
442;LP.H;400300;lipa holenderska;Tilia europaea;D;lipa;;OS;BK;NA;L;NA;699;LP;OS;;NA;10;15;4;LP;LP;BK;BK
443;LP.J;400400;lipa japońska;Tilia japonica;D;lipa;;OS;BK;NA;L;NA;700;LP;OS;;NA;10;15;4;LP;LP;BK;BK
444;LP.K;400500;lipa krymska;Tilia euchlora;D;lipa;;OS;BK;NA;L;NA;701;LP;OS;;NA;10;15;4;LP;LP;BK;BK
445;LP.M;401100;lipa Moltkego;Tilia moltkei;D;lipa;;OS;BK;NA;L;NA;702;LP;OS;;NA;10;15;4;LP;LP;BK;BK
446;LP.NO;401200;lipa nieokreślona;Tilia species;D;lipa;;OS;BK;NA;L;NA;703;LP;OS;;NA;10;15;4;LP;LP;BK;BK
447;LP.S;400200;lipa szerokolistna;Tilia platyphyllos;D;lipa;;OS;BK;NA;L;NA;109;LP;OS;OL;80;10;15;4;LP;LP;BK;BK
448;LP.SR;400700;lipa srebrzysta;Tilia tomentosa;D;lipa;;OS;BK;NA;L;NA;704;LP;OS;;NA;10;15;4;LP;LP;BK;BK
449;LP.W;400800;lipa warszawska;Tilia Varsaviensis;D;lipa;;OS;BK;NA;L;NA;705;LP;OS;;NA;10;15;4;LP;LP;BK;BK
450;LSZ;760100;leszczyna pospolita;Corylus avellana;K;leszczyna;;;;NA;L;NA;38;;;;NA;NA;NA;4;;;;
451;LSZ.P;760200;leszczyna południowa;Corylus maxima;K;leszczyna;;;;NA;L;NA;706;;;;NA;NA;NA;4;;;;
452;LSZ.T;760300;leszczyna turecka;Corylus colurna;K;leszczyna;;;;NA;L;NA;707;;;;NA;NA;NA;4;;;;
453;LWŚ.W;852000;laurowiśnia wschodnia;Prunus laurocerasus;K;śliwa;;;;NA;L;NA;708;;;;NA;NA;NA;4;;;;
454;MAG.D;530600;magnolia drzewiasta;Magnolia acuminata;D;magnolia;;;;NA;L;NA;709;;;;NA;10;15;4;;;;
455;MAG.G;530500;magnolia gwiaździsta;Magnolia stellata;K;magnolia;;;;NA;L;NA;710;;;;NA;NA;NA;4;;;;
456;MAG.J;530400;magnolia japońska;Magnolia kobus;K;magnolia;;;;NA;L;NA;711;;;;NA;NA;NA;4;;;;
457;MAG.K;530800;magnolia kobus;Magnolia kobus;K;magnolia;odm. Susan;;;NA;L;NA;712;;;;NA;NA;NA;4;;;;
458;MAG.N;530200;magnolia naga;Magnolia denudata;D;magnolia;;;;NA;L;NA;713;;;;NA;10;15;4;;;;
459;MAG.P;530300;magnolia purpurowa;Magnolia liliflora;K;magnolia;;;;NA;L;NA;714;;;;NA;NA;NA;4;;;;
460;MAG.PA;530700;magnolia parasolowata;Magnolia tripetala;D;magnolia;;;;NA;L;NA;715;;;;NA;10;15;4;;;;
461;MAG.S;530100;magnolia Soulange'a;Magnolia soulangiana;K;magnolia;;;;NA;L;NA;716;;;;NA;NA;NA;4;;;;
462;MAG.SO.AL;530103;magnolia Soulange'a;Magnolia soulangiana Alexandr.;K;magnolia;"odm.""""Alexandrina""""";;;NA;L;NA;717;;;;NA;NA;NA;4;;;;
463;MAG.SO.AM;530101;magnolia Soulange'a;Magnolia soulangiana Amabilis;K;magnolia;"odm.""""Amabilis""""";;;NA;L;NA;718;;;;NA;NA;NA;4;;;;
464;MAG.SO.LE;530104;magnolia Soulange'a;Magnolia soulangiana Lennei;K;magnolia;"odm.""""Lennei""""";;;NA;L;NA;719;;;;NA;NA;NA;4;;;;
465;MAG.SO.NI;530301;magnolia purpurowa;Magnolia liliflora Nigra;K;magnolia;"odm.""""Nigra""""";;;NA;L;NA;720;;;;NA;NA;NA;4;;;;
466;MAG.SO.SP;530102;magnolia Soulange'a;Magnolia soulangiana Speciosa;K;magnolia;"odm.""""Speciosa""""";;;NA;L;NA;721;;;;NA;NA;NA;4;;;;
467;MAH;500100;mahonia pospolita;Mahonia aquifolium;K;mahonia;;;;NA;L;NA;722;;;;NA;NA;NA;4;;;;
468;MAK.P;470100;żołtnica pomarańczowa;Maclura pomifera;D;maklura;;;;NA;L;NA;723;;;;NA;10;20;4;;;;
469;MAL.PU.PA;690201;jabłoń niska odm.rajska;Malus pumila paradisiaca;D;jabłoń;;BRZ;BRZ;NA;L;NA;724;BRZ;BRZ;;NA;15;25;4;BRZ;BRZ;BRZ;BRZ
470;MD;20100;modrzew europejski;Larix decidua;D;modrzew;;SO;MD;NA;I;NA;8;SO;SO;SO;100;10;15;4;MD;MD;MD;MD
471;MD.A;20700;modrzew amerykański;Larix laricina;D;modrzew;;SO;MD;NA;I;NA;725;SO;SO;;NA;10;15;4;MD;MD;MD;MD
472;MD.C;21100;modrzew chiński;Larix potaninii;D;modrzew;;SO;MD;NA;I;NA;726;SO;SO;;NA;10;15;4;MD;MD;MD;MD
473;MD.CZ;20200;modrzew Czekanowskiego;Larix czekanowskii;D;modrzew;;SO;MD;NA;I;NA;727;SO;SO;;NA;10;15;4;MD;MD;MD;MD
474;MD.D;20400;modrzew daurski;Larix gmelinii;D;modrzew;;SO;MD;NA;I;NA;728;SO;SO;;NA;10;15;4;MD;MD;MD;MD
475;MD.E;20300;modrzew eurojapoński;Larix eurolepis;D;modrzew;;SO;MD;NA;I;NA;729;SO;SO;;NA;10;15;4;MD;MD;MD;MD
476;MD.H;20500;modrzew himalajski;Larix griffithiana;D;modrzew;;SO;MD;NA;I;NA;730;SO;SO;;NA;10;15;4;MD;MD;MD;MD
477;MD.J;20600;modrzew japoński;Larix kaempferi;D;modrzew;;SO;MD;NA;I;NA;731;SO;SO;;NA;10;15;4;MD;MD;MD;MD
478;MD.K;20106;modrzew europejski;Larix decidua;D;modrzew;odm.Kórnik;SO;MD;NA;I;NA;732;SO;SO;;NA;10;15;4;MD;MD;MD;MD
479;MD.M;20800;modrzew Marschlinsa;Larix marschlinsii;D;modrzew;;SO;MD;NA;I;NA;733;SO;SO;;NA;10;15;4;MD;MD;MD;MD
480;MD.NO;21300;modrzew  nieokreślony;Larix species;D;modrzew;;SO;MD;NA;I;NA;734;SO;SO;;NA;10;15;4;MD;MD;MD;MD
481;MD.P;20104;modrzew europejski;Larix decidua polonica;D;modrzew;odm.polska;SO;MD;NA;I;NA;735;SO;SO;;NA;10;15;4;MD;MD;MD;MD
482;MD.S;21200;modrzew syberyjski;Larix sibirica;D;modrzew;;SO;MD;NA;I;NA;736;SO;SO;;NA;10;15;4;MD;MD;MD;MD
483;MD.Z;21000;modrzew zwisły;Larix pendula;D;modrzew;;SO;MD;NA;I;NA;737;SO;SO;;NA;10;15;4;MD;MD;MD;MD
484;MD.ZD;20900;modrzew zachodni;Larix occidentalis;D;modrzew;;SO;MD;NA;I;NA;738;SO;SO;;NA;10;15;4;MD;MD;MD;MD
485;MDK.C;170100;modrzewnik chiński;Pseudolarix kaempferi;D;modrzewnik;;;;NA;I;NA;739;;;;NA;10;15;4;;MD;;
486;MIG;850800;migdałowiec pospolity;Prunus amygdalus;D;śliwa;;;;NA;L;NA;740;;;;NA;20;30;4;;;;
487;MIG.K;851000;migdałowiec karłowy;Prunus tenella;D;śliwa;;;;NA;L;NA;741;;;;NA;20;30;4;;;;
488;MIG.T;850900;migdałowiec trojklapowy;Prunus triloba;D;śliwa;;;;NA;L;NA;742;;;;NA;20;30;4;;;;
489;MIŁ.D;160100;miłorząb dwuklapowy;Ginkgo biloba;D;miłorząb;;;;NA;I;NA;743;;;;NA;20;30;4;;;;
490;MIŁ.D.F;160101;miłorząb dwuklapowy;Ginkgo biloba;D;miłorząb;odm. Fastigiata;;;NA;I;NA;744;;;;NA;20;30;4;;;;
491;MIŁ.D.P;160102;miłorząb dwuklapowy;Ginkgo biloba;D;miłorząb;odm. Pendula;;;NA;I;NA;745;;;;NA;20;30;4;;;;
492;MOR.AL.PE;460101;morwa biała;Morus alba Pendula;D;morwa;"odm.""""Pendula""""";BRZ;BRZ;NA;L;NA;746;BRZ;BRZ;;NA;10;15;4;BRZ;BRZ;BRZ;BRZ
493;MRL;850600;morela pospolita;Prunus armeniaca;D;śliwa;;;;NA;L;NA;747;;;;NA;10;15;4;;;;
494;MS.C;62000;metasekwoja chińska;Metasequoia glyptostroboides;D;metasekwoja;;;;NA;I;NA;748;;;;NA;20;30;4;;;;
495;MSZ.P;910100;moszeniec południowy;Colutea arborescens;K;moszeniec;;;;NA;L;NA;749;;;;NA;NA;NA;4;;;;
496;MW;460100;morwa biała;Morus alba;D;morwa;;BRZ;BRZ;NA;L;NA;96;BRZ;BRZ;OS;50;10;15;4;BRZ;BRZ;BRZ;BRZ
497;OCZ.J;600300;oczar japonski;Hamamelis japonica;K;oczar;;;;NA;L;NA;750;;;;NA;NA;NA;4;;;;
498;OCZ.O;600200;oczar omszony;Hamamelis mollis;K;oczar;;;;NA;L;NA;751;;;;NA;NA;NA;4;;;;
499;OCZ.W;600100;oczar wirginijski;Hamamelis virginiana;K;oczar;;;;NA;L;NA;752;;;;NA;NA;NA;4;;;;
500;OGN.S;1410100;ognik szkarłatny;Pyracantha coccinea;K;ognik;;;;NA;L;NA;753;;;;NA;NA;NA;4;;;;
501;OKŁ.B;810100;okółkowiec biały;Rhodotypos scandens;K;okółkowiec;;;;NA;L;NA;754;;;;NA;NA;NA;4;;;;
502;OL;370100;olsza czarna;Alnus glutinosa;D;olsza;;OL;OL;NA;L;NA;71;OL;OL;OL;80;5;10;4;OL;OL;OL;OL
503;OL.S;370200;olsza szara;Alnus incana;D;olsza;;OL;OL;NA;L;NA;72;OL;OL;OS;40;5;10;4;OL;OL;OL;OL
504;OL.Z;370300;olsza zielona;Alnus viridis;D;olsza;;OL;OL;NA;L;NA;111;OL;OL;OS;40;5;10;4;OL;OL;OL;OL
505;OLW.B;1190300;oliwnik baldaszkowy;Elaeagnus umbellata;K;oliwnik;;;;NA;L;NA;755;;;;NA;NA;NA;4;;;;
506;OLW.S;1190200;oliwnik srebrzysty;Elaeagnus commutata;K;oliwnik;;;;NA;L;NA;756;;;;NA;NA;NA;4;;;;
507;OLW.W;1190100;oliwnik wąskolistny;Elaeagnus angustifolia;K;oliwnik;;;;NA;L;NA;757;;;;NA;NA;NA;4;;;;
508;ORZ.C;430200;orzech czarny;Juglans nigra;D;orzech;;BRZ;BRZ;NA;L;NA;80;BRZ;BRZ;OS;50;15;25;4;BRZ;BRZ;BRZ;BRZ
509;ORZ.S;430300;orzech szary;Juglans cinerea;D;orzech;;BRZ;BRZ;NA;L;NA;758;BRZ;BRZ;;NA;15;25;4;BRZ;BRZ;BRZ;BRZ
510;ORZ.SE;430400;orzech sercowaty;Juglans cordiformis;D;orzech;;BRZ;BRZ;NA;L;NA;759;BRZ;BRZ;;NA;15;25;4;BRZ;BRZ;BRZ;BRZ
511;ORZ.W;430100;orzech włoski;Juglans regia;D;orzech;;BRZ;BRZ;NA;L;NA;760;BRZ;BRZ;;NA;15;25;4;BRZ;BRZ;BRZ;BRZ
512;OS;380200;topola osika;Populus tremula;D;topola;;OS;OS;NA;L;NA;91;BRZ;OS;OS;50;0;10;4;OS;OS;BRZ;OS
513;OST.K;1060100;ostrokrzew kolczasty;Ilex aquifolium;K;ostrokrzew;;;;NA;L;NA;761;;;;NA;NA;NA;4;;;;OS
514;OSZ.G;440100;orzesznik gorzki;Carya cordiformis;D;orzesznik;;BRZ;BRZ;NA;L;NA;112;BRZ;BRZ;OS;50;15;25;4;BRZ;BRZ;BRZ;OS
515;OSZ.O;440400;orzesznik owłosiony;Carya tomentosa;D;orzesznik;;;;NA;L;NA;762;;;;NA;15;25;4;;;;OS
516;OSZ.P;440200;orzesznik pięciolistkowy;Carya ovata;D;orzesznik;;BRZ;BRZ;NA;L;NA;113;BRZ;BRZ;OS;50;15;25;4;BRZ;BRZ;BRZ;OS
517;OSZ.S;440300;orzesznik siedmiolistkowy;Carya laciniosa;D;orzesznik;;;;NA;L;NA;763;;;;NA;15;25;4;;;;OS
518;PAR.T;990100;parczelina trójlistkowa;Ptelea trifoliata;K;parczelina;;;;NA;L;NA;764;;;;NA;NA;NA;4;;;;
519;PCK.K;820100;pięciornik krzewiasty;Potentilla fruticosa;K;pięciornik;;;;NA;L;NA;765;;;;NA;NA;NA;4;;;;
520;PCY.BO.BL;550501;jaśminowiec wierzchotkowy;Philadelphus cymosus Bouq.Bl.;K;jaśminowiec;"odm.""""Bouquet Blanc""""";;;NA;L;NA;766;;;;NA;NA;NA;4;;;;
521;PER.P;1050100;perukowiec podolski;Cotinus coggygria;K;perukowiec;;;;NA;L;NA;767;;;;NA;NA;NA;4;;;;
522;PGC.J;720100;pigwowiec japoński;Chaenomeles japonica;K;pigwowiec;;;;NA;L;NA;768;;;;NA;NA;NA;4;;;;
523;PGC.O;720200;pigwowiec okazały;Chaenomeles speciosa;K;pigwowiec;;;;NA;L;NA;769;;;;NA;NA;NA;4;;;;
524;PGC.P;720300;pigwowiec pośredni;Chaenomeles superba;K;pigwowiec;;;;NA;L;NA;770;;;;NA;NA;NA;4;;;;
525;PGW;710100;pigwa pospolita;Cydonia oblonga;K;pigwa;;;;NA;L;NA;771;;;;NA;NA;NA;4;;;;
526;PHI.CA.AU;550201;jaśminowiec kaukaski;Philadelphus caucasicus Aureus;K;jaśminowiec;"odm.""""Aureus""""";;;NA;L;NA;772;;;;NA;NA;NA;4;;;;
527;PHI.LE.ER;550401;jaśminowiec Lemoine'a;Philadelphus lemoinei Erectus;K;jaśminowiec;"odm.""""Erectus""""";;;NA;L;NA;773;;;;NA;NA;NA;4;;;;
528;PHI.PO.NO;550601;jaśminowiec wielkokwiatowy;Philadelphus polyanthus Norma;K;jaśminowiec;"odm.""""Norma""""";;;NA;L;NA;774;;;;NA;NA;NA;4;;;;
529;PHI.VI.VI;550701;jaśminowiec panieński;Philadelphus virginalis Virgi.;K;jaśminowiec;"odm.""""Virginal""""";;;NA;L;NA;775;;;;NA;NA;NA;4;;;;
530;PHY.OP.LU;650101;tawułowiec kalinolistny;Physocarpus opulifolius Lateus;K;tawułowiec;odm.żółta;;;NA;L;NA;776;;;;NA;NA;NA;4;;;;
531;PIC.AB.AG;30103;świerk pospolity;"Picea abies """"Argenteospica""""";D;świerk;"odm.""""Argenteospica""""";ŚW;ŚW;NA;I;NA;777;ŚW;ŚW;;NA;15;30;4;ŚW;ŚW;ŚW;ŚW
532;PIC.AB.AR;30102;świerk pospolity;"Picea abies """"Archangelica""""";D;świerk;"odm.""""Archangelica""""";ŚW;ŚW;NA;I;NA;778;ŚW;ŚW;;NA;15;30;4;ŚW;ŚW;ŚW;ŚW
533;PIC.AB.AU;30104;świerk pospolity;"Picea abies """"Aurea""""";D;świerk;"odm.""""Aurea""""";ŚW;ŚW;NA;I;NA;779;ŚW;ŚW;;NA;15;30;4;ŚW;ŚW;ŚW;ŚW
534;PIC.AB.BA;30105;świerk pospolity;"Picea abies """"Barryi""""";D;świerk;"odm.""""Barryi""""";ŚW;ŚW;NA;I;NA;780;ŚW;ŚW;;NA;15;30;4;ŚW;ŚW;ŚW;ŚW
535;PIC.AB.BI;30106;świerk pospolity;"Picea abies """"Biformis""""";D;świerk;"odm.""""Biformis""""";ŚW;ŚW;NA;I;NA;781;ŚW;ŚW;;NA;15;30;4;ŚW;ŚW;ŚW;ŚW
536;PIC.AB.CA;30107;świerk pospolity;Picea abies carpathica;D;świerk;odm.karpacka;ŚW;ŚW;NA;I;NA;782;ŚW;ŚW;;NA;15;30;4;ŚW;ŚW;ŚW;ŚW
537;PIC.AB.CI;30109;świerk pospolity;"Picea abies """"Cincinnata""""";D;świerk;"odm.""""Cincinnata""""";ŚW;ŚW;NA;I;NA;783;ŚW;ŚW;;NA;15;30;4;ŚW;ŚW;ŚW;ŚW
538;PIC.AB.CL;30110;świerk pospolity;"Picea abies """"Clanbrassiliana""""";D;świerk;"odm.""""Clanbrassiliana""""";ŚW;ŚW;NA;I;NA;784;ŚW;ŚW;;NA;15;30;4;ŚW;ŚW;ŚW;ŚW
539;PIC.AB.CM;30112;świerk pospolity;"Picea abies """"Compacta""""";D;świerk;"odm.""""Compacta""""";ŚW;ŚW;NA;I;NA;785;ŚW;ŚW;;NA;15;30;4;ŚW;ŚW;ŚW;ŚW
540;PIC.AB.CO;30111;świerk pospolity;"Picea abies """"Columnaris""""";D;świerk;"odm.""""Columnaris""""";ŚW;ŚW;NA;I;NA;786;ŚW;ŚW;;NA;15;30;4;ŚW;ŚW;ŚW;ŚW
541;PIC.AB.CU;30113;świerk pospolity;Picea abies;D;świerk;odm.Cupressina;ŚW;ŚW;NA;I;NA;787;ŚW;ŚW;;NA;15;30;4;ŚW;ŚW;ŚW;ŚW
542;PIC.AB.NI;30114;świerk pospolity;"Picea abies """"Nidiformis""""";D;świerk;"odm.""""Nidiformis""""";ŚW;ŚW;NA;I;NA;788;ŚW;ŚW;;NA;15;30;4;ŚW;ŚW;ŚW;ŚW
543;PIC.AB.PA;30115;świerk pospolity;"Picea abies """"Parvifolia""""";D;świerk;"odm.""""Parvifolia""""";ŚW;ŚW;NA;I;NA;789;ŚW;ŚW;;NA;15;30;4;ŚW;ŚW;ŚW;ŚW
544;PIC.AB.PE;30116;świerk pospolity;"Picea abies """"Pendula""""";D;świerk;"odm.""""Pendula""""";ŚW;ŚW;NA;I;NA;790;ŚW;ŚW;;NA;15;30;4;ŚW;ŚW;ŚW;ŚW
545;PIC.AB.PR;30117;świerk pospolity;"Picea abies """"Procumbens""""";D;świerk;"odm.""""Procumbens""""";ŚW;ŚW;NA;I;NA;791;ŚW;ŚW;;NA;15;30;4;ŚW;ŚW;ŚW;ŚW
546;PIC.AB.TU;30118;świerk pospolity;"Picea abies """"Tuberculata""""";D;świerk;"odm.""""Tuberculata""""";ŚW;ŚW;NA;I;NA;792;ŚW;ŚW;;NA;15;30;4;ŚW;ŚW;ŚW;ŚW
547;PIC.AB.VI;30119;świerk pospolity;"Picea abies """"Viminalis""""";D;świerk;"odm.""""Viminalis""""";ŚW;ŚW;NA;I;NA;793;ŚW;ŚW;;NA;15;30;4;ŚW;ŚW;ŚW;ŚW
548;PIN.RH.R;11101;Pinus rhaetica;Pinus rhaetica;D;sosna;;SO;SO;NA;I;NA;794;SO;SO;;NA;15;25;4;SO;SO;SO;SO
549;PK;1311100;pęcherznica kalinolistna;Physocarpus opulifolius;K;pęcherznica;;;;NA;L;NA;795;;;;NA;NA;NA;4;;;;
550;PK.L;1311101;pęcherznica kalinolistna;Physocarpus opulifolius;K;pęcherznica;odm. Luteus;;;NA;L;NA;796;;;;NA;NA;NA;4;;;;
551;PLA.K;630100;platan klonolistny;Platanus acerifolia;D;platan;;DB;BRZ;NA;L;NA;110;BK;BK;BK;100;15;25;4;JW;BK;BK;BK
552;PLE.MA.HE;550402;jaśminowiec Lemoine'a;Philadelphus lemoinei Man.d'H.;K;jaśminowiec;"odm.""""Manteau d'Hermine""""";;;NA;L;NA;797;;;;NA;NA;NA;4;;;;
553;POP.AL.BO;380101;topola biała;Populus alba Bolleana;D;topola;"odm.""""Bolleana""""";OS;OS;NA;L;NA;798;BRZ;OS;;NA;0;10;4;TP;BRZ;BRZ;BRZ
554;POP.CA.MA;380503;topola kanadyjska;Populus canadensis Marilandica;D;topola;"odm.""""Marilandica""""";OS;OS;NA;L;NA;799;BRZ;OS;;NA;0;10;4;TP;BRZ;BRZ;BRZ
555;POP.CA.RO;380502;topola kanadyjska;Populus canadensis Robusta;D;topola;"odm.""""Robusta""""";OS;OS;NA;L;NA;800;BRZ;OS;;NA;0;10;4;TP;BRZ;BRZ;BRZ
556;POP.CA.SE;380501;topola kanadyjska;Populus canadensis Serotina;D;topola;"odm.""""Serotina""""";OS;OS;NA;L;NA;801;BRZ;OS;;NA;0;10;4;TP;BRZ;BRZ;BRZ
557;POP.NI.IT;380401;topola czarna;Populus nigra Italica;D;topola;"odm.""""Italica""""";OS;OS;NA;L;NA;802;BRZ;OS;;NA;0;10;4;TP;BRZ;BRZ;BRZ
558;POP.SI.FA;380601;topola chińska;Populus simonii Fastigiata;D;topola;"odm.""""Fastigiata""""";OS;OS;NA;L;NA;803;BRZ;OS;;NA;0;10;4;TP;BRZ;BRZ;BRZ
559;PRS.J;1260100;pieris japoński;Pieris japonica;K;pieris;;;;NA;L;NA;804;;;;NA;NA;NA;4;;;;
560;PRU.CE.DI;850201;śliwa wiśniowa;Prunus cerasifera divaricata;K;śliwa;odm.kaukaska;;;NA;L;NA;805;;;;NA;NA;NA;4;;;;
561;PRU.CE.N;850204;śliwa wiśśniowa;Prunus cerasifera;K;śliwa;odm. Nigra;;;NA;L;NA;806;;;;NA;NA;NA;4;;;;
562;PRU.CE.PI;850202;śliwa wiśniowa;Prunus cerasifera Atropurpurea;K;śliwa;odm.purpurowa;;;NA;L;NA;807;;;;NA;NA;NA;4;;;;
563;PRU.CE.RH;851101;wiśnia pospolita;Prunus cerasus Rhexii;D;śliwa;"odm.""""Rhexii""""";BRZ;BRZ;NA;L;NA;808;BRZ;BRZ;;NA;10;20;4;BRZ;BRZ;BRZ;BRZ
564;PRU.CE.SP;850203;śliwa wiśniowa;Prunus cerasifera Woodii;K;śliwa;odm.Wooda;;;NA;L;NA;809;;;;NA;NA;NA;4;;;;
565;PRU.CE.UM;851102;wiśnia pospolita;Prunus cerasus Umbraculifera;D;śliwa;odm.kulista;BRZ;BRZ;NA;L;NA;810;BRZ;BRZ;;NA;10;20;4;BRZ;BRZ;BRZ;BRZ
566;PRU.GL.AL;851601;wiśnia gruczołkowata;Prunus glandulosa Alboplena;D;śliwa;odm.biała;BRZ;BRZ;NA;L;NA;811;BRZ;BRZ;;NA;10;20;4;BRZ;BRZ;BRZ;BRZ
567;PRU.IN.IT;850501;śliwa lubaszka;Prunus insititia italica;D;śliwa;odm.renklody;BRZ;BRZ;NA;L;NA;812;BRZ;BRZ;;NA;15;25;4;BRZ;BRZ;BRZ;BRZ
568;PRU.IN.SY;850502;śliwa lubaszka;Prunus insititia syriaca;D;śliwa;odm.mirabelki;BRZ;BRZ;NA;L;NA;813;BRZ;BRZ;;NA;15;25;4;BRZ;BRZ;BRZ;BRZ
569;PRU.LA.SC;852001;laurowiśnia wschodnia;Prunus laurocerasus Schipkaen.;K;śliwa;odm.szypkajska;;;NA;L;NA;814;;;;NA;NA;NA;4;;;;
570;PRU.LA.ZA;852002;laurowiśnia wschodnia;Prunus laurocerasus Zabeliana;K;śliwa;odm.Zabela;;;NA;L;NA;815;;;;NA;NA;NA;4;;;;
571;PRU.SE.A;851503;wiśnia piłkowana;Cerasus serrulata;D;śliwa;odm. Amanogawa;BRZ;BRZ;NA;L;NA;816;BRZ;BRZ;;NA;10;20;4;BRZ;BRZ;BRZ;BRZ
572;PRU.SE.KA;851501;wiśnia piłkowana;Prunus serrulata Kanzan;D;śliwa;"odm.""""Kanzan""""";BRZ;BRZ;NA;L;NA;817;BRZ;BRZ;;NA;10;20;4;BRZ;BRZ;BRZ;BRZ
573;PRU.SE.KR;851504;wiśnia piłkowana;Cerasus serrulata;D;śliwa;odm. Kórnicensis;BRZ;BRZ;NA;L;NA;818;BRZ;BRZ;;NA;10;20;4;BRZ;BRZ;BRZ;BRZ
574;PRU.SE.KS;851502;wiśnia piłkowana;Prunus serrulata Kiku-shi.-sa.;D;śliwa;"odm.""""Kiku-shidare-sakura""""";BRZ;BRZ;NA;L;NA;819;BRZ;BRZ;;NA;10;20;4;BRZ;BRZ;BRZ;BRZ
575;PRU.SE.S;851505;wiśnia piłkowana;Cerasus serrulata;D;śliwa;odm. Shirofungen;BRZ;BRZ;NA;L;NA;820;BRZ;BRZ;;NA;10;20;4;BRZ;BRZ;BRZ;BRZ
576;PRZ.A;580100;porzeczka alpejska;Ribes alpinum;K;porzeczka;;;;NA;L;NA;821;;;;NA;NA;NA;4;;;;
577;PRZ.AM;580400;porzeczka amerykańska;Ribes americanum;K;porzeczka;;;;NA;L;NA;822;;;;NA;NA;NA;4;;;;
578;PRZ.C;580500;porzeczka czarna;Ribes nigrum;K;porzeczka;;;;NA;L;NA;51;;;;NA;NA;NA;4;;;;
579;PRZ.CW;580600;porzeczka czerwona;Ribes rubrum;K;porzeczka;;;;NA;L;NA;52;;;;NA;NA;NA;4;;;;
580;PRZ.K;580300;porzeczka krwista;Ribes sanguineum;K;porzeczka;;;;NA;L;NA;823;;;;NA;NA;NA;4;;;;
581;PRZ.K.KE;580301;porzeczka krwista;Ribes sanguineum;K;porzeczka;odm. King Edward VII;;;NA;L;NA;824;;;;NA;NA;NA;4;;;;
582;PRZ.S;580700;porzeczka skalna;Ribes petraeum;K;porzeczka;;;;NA;L;NA;825;;;;NA;NA;NA;4;;;;
583;PRZ.Z;580200;porzeczka złota;Ribes aureum;K;porzeczka;;;;NA;L;NA;826;;;;NA;NA;NA;4;;;;
584;PSE.DO.AR;50101;daglezja zielona;Pseudotsuga menziesii Argentea;D;daglezja;"odm.""""Argentea""""";JD;JD;NA;I;NA;827;JD;JD;;NA;10;15;4;DG;JD;JD;JD
585;PSE.DO.FA;50102;daglezja zielona;Pseudotsuga menziesii Fastig.;D;daglezja;"odm.""""Fastigiata""""";JD;JD;NA;I;NA;828;JD;JD;;NA;10;15;4;DG;JD;JD;JD
586;PSE.DO.GL;50103;daglezja zielona;Pseudotsuga menziesii glauca;D;daglezja;odm.sina;JD;JD;NA;I;NA;829;JD;JD;;NA;10;15;4;DG;JD;JD;JD
587;PYR.CO.LA;1410101;ognik szkarłatny;Pyracantha coccinea Lalandei;K;ognik;"odm.""""Lalandei""""";;;NA;L;NA;830;;;;NA;NA;NA;4;;;;
588;QUE.PE.ME;310301;dąb bezszypułkowy;Quercus petraea Mespilifolia;D;dąb;"odm.""""Mespifolia""""";DB;DB;NA;L;NA;831;DB;DB;;NA;20;30;4;DB;DB;DB;DB
589;QUE.RO.CO;310201;dąb szypułkowy;Quercus robur Concordia;D;dąb;"odm.""""Concordia""""";DB;DB;NA;L;NA;832;DB;DB;;NA;20;30;4;DB;DB;DB;DB
590;QUE.RO.FA;310202;dąb szypułkowy;Quercus robur Fastigiata;D;dąb;"odm.""""Fastigiata""""";DB;DB;NA;L;NA;833;DB;DB;;NA;20;30;4;DB;DB;DB;DB
591;QUE.RO.PC;310204;dąb szypułkowy;Quercus robur Pectinata;D;dąb;"odm.""""Pectinata""""";DB;DB;NA;L;NA;834;DB;DB;;NA;20;30;4;DB;DB;DB;DB
592;QUE.RO.PE;310203;dąb szypułkowy;Quercus robur Pendula;D;dąb;"odm.""""Pendula""""";DB;DB;NA;L;NA;835;DB;DB;;NA;20;30;4;DB;DB;DB;DB
593;RHO.CA.AL;1230101;różanecznik katawbijski;Rhododendron catawbiense Albus;K;różanecznik;odm.biała;;;NA;L;NA;836;;;;NA;NA;NA;4;;;;
594;RHO.CA.CA;1230102;różanecznik katawbijski;Rhododendron catawb.Caractacus;K;różanecznik;"odm.""""Caractacus""""";;;NA;L;NA;837;;;;NA;NA;NA;4;;;;
595;RHO.CA.GR;1230103;różanecznik katawbijski;Rhododendron catawb.Grandiflo.;K;różanecznik;odm.wielkokwiatowa;;;NA;L;NA;838;;;;NA;NA;NA;4;;;;
596;RHO.CA.N;1230104;różanecznik katawbijski;Rhododendron catawbiense;K;różanecznik;odm. Nowa Zembla;;;NA;L;NA;839;;;;NA;NA;NA;4;;;;
597;RHU.TY.DI;1040101;sumak octowiec;Rhus typhina Dissecta;K;sumak;"odm.""""Dissecta""""";;;NA;L;NA;840;;;;NA;NA;NA;4;;;;
598;RIB.PE.CA;580701;porzeczka skalna;Ribes petraeum carpathicum;K;porzeczka;odm.karpacka;;;NA;L;NA;841;;;;NA;NA;NA;4;;;;
599;RIB.RU.PU;580601;porzeczka czerwona;Ribes rubrum pubescens;K;porzeczka;odm.omszona;;;NA;L;NA;842;;;;NA;NA;NA;4;;;;
600;RNK.B;1230200;różanecznik Biały Cunninghama;Rhododendron Cunnigham's White;K;różanecznik;;;;NA;L;NA;843;;;;NA;NA;NA;4;;;;
601;RNK.K;1230100;różanecznik katawbijski;Rhododendron catawbiense;K;różanecznik;;;;NA;L;NA;844;;;;NA;NA;NA;4;;;;
602;RNK.S;1230300;różanecznik Smirnowa;Rhododendron smirnowii;K;różanecznik;;;;NA;L;NA;845;;;;NA;NA;NA;4;;;;
603;ROB.AM.DE;410301;robinia pośrednia;Robinia ambigua Decaisneana;D;robinia;"odm.""""Decaisneana""""";BRZ;BRZ;NA;L;NA;846;BRZ;BRZ;;NA;5;10;4;AK;BRZ;DB;DB
604;ROB.HI.MA;410501;robinia szczeciniasta;Robinia hispida Macrophylla;D;robinia;odm.wielkolistna;BRZ;BRZ;NA;L;NA;847;BRZ;BRZ;;NA;5;10;4;AK;BRZ;DB;DB
605;ROB.L;410200;robinia lepka;Robinia viscosa;D;robinia;;BRZ;BRZ;NA;L;NA;848;BRZ;BRZ;;NA;5;10;4;AK;BRZ;DB;DB
606;ROB.N;410400;robinia nowomeksykańska;Robinia neomexicana;D;robinia;;BRZ;BRZ;NA;L;NA;849;BRZ;BRZ;;NA;5;10;4;AK;BRZ;DB;DB
607;ROB.NE.LU;410401;robinia nowomeksykańska;Robinia neomexicana luxurians;D;robinia;odm.bujna;BRZ;BRZ;NA;L;NA;850;BRZ;BRZ;;NA;5;10;4;AK;BRZ;DB;DB
608;ROB.P;410300;robinia pośrednia;Robinia ambigua;D;robinia;;BRZ;BRZ;NA;L;NA;851;BRZ;BRZ;;NA;5;10;4;AK;BRZ;DB;DB
609;ROB.PS.BE;410102;robinia akacjowa;Robinia pseudoacacia Bessonia.;D;robinia;"odm.""""Bessoniana""""";BRZ;BRZ;NA;L;NA;852;BRZ;BRZ;;NA;5;10;4;AK;BRZ;DB;DB
610;ROB.PS.RO;410103;robinia akacjowa;Robinia pseudoacacia Rozynsk.;D;robinia;"odm.""""Rozynskiana""""";BRZ;BRZ;NA;L;NA;853;BRZ;BRZ;;NA;5;10;4;AK;BRZ;DB;DB
611;ROB.PS.UM;410101;robinia akacjowa;Robinia pseudoacacia Umbracu.;D;robinia;odm.kulista;BRZ;BRZ;NA;L;NA;854;BRZ;BRZ;;NA;5;10;4;AK;BRZ;DB;DB
612;ROB.S;410500;robinia szczeciniasta;Robinia hispida;D;robinia;;BRZ;BRZ;NA;L;NA;855;BRZ;BRZ;;NA;5;10;4;AK;BRZ;DB;DB
613;ROK;1200100;rokitnik pospolity;Hippophae rhamnoides;K;rokitnik;;;;NA;L;NA;856;;;;NA;NA;NA;4;;;;
614;ROS.OM.PT;790301;róża czteropłatkowa;Rosa omeiensis pteracantha;K;róża;odm.oskrzydlona;;;NA;L;NA;857;;;;NA;NA;NA;4;;;;
615;RÓŻ.AL;791400;róża alpejska;Rosa pendulina;K;róża;;;;NA;L;NA;858;;;;NA;NA;NA;4;;;;
616;RÓŻ.C;790300;róża czteropłatkowa;Rosa omeiensis;K;róża;;;;NA;L;NA;859;;;;NA;NA;NA;4;;;;
617;RÓŻ.CZ;790700;róża czerwonawa;Rosa glauca;K;róża;;;;NA;L;NA;860;;;;NA;NA;NA;4;;;;
618;RÓŻ.D;790600;róża dzika;Rosa canina;K;róża;;;;NA;L;NA;861;;;;NA;NA;NA;4;;;;
619;RÓŻ.EL;791300;róża eliptyczna;Rosa inodora;K;róża;;;;NA;L;NA;862;;;;NA;NA;NA;4;;;;
620;RÓŻ.F;790400;róża francuska;Rosa gallica;K;róża;;;;NA;L;NA;863;;;;NA;NA;NA;4;;;;
621;RÓŻ.FL;790900;róża fałdzistolistna;Rosa rugosa;K;róża;;;;NA;L;NA;864;;;;NA;NA;NA;4;;;;
622;RÓŻ.FM;791700;róża;Rosa ssp. Flamentanz;K;róża;odm.Flamentanz;;;NA;L;NA;865;;;;NA;NA;NA;4;;;;
623;RÓŻ.G;790100;róża gestokolczasta;Rosa pimpinellifolia;K;róża;;;;NA;L;NA;866;;;;NA;NA;NA;4;;;;
624;RÓŻ.J;791600;róża jabłkowa;Rosa villosa;K;róża;;;;NA;L;NA;867;;;;NA;NA;NA;4;;;;
625;RÓŻ.K;791500;róża kutnerowata;Rosa tomentosa;K;róża;;;;NA;L;NA;868;;;;NA;NA;NA;4;;;;
626;RÓŻ.R;790800;róża rdzawa;Rosa rubiginosa;K;róża;;;;NA;L;NA;869;;;;NA;NA;NA;4;;;;
627;RÓŻ.RO;791100;róża rolna;Rosa egrestis;K;róża;;;;NA;L;NA;870;;;;NA;NA;NA;4;;;;
628;RÓŻ.S;790500;róża stulistna;Rosa centifolia;K;róża;;;;NA;L;NA;871;;;;NA;NA;NA;4;;;;
629;RÓŻ.SI;791200;róża sina;Rosa dumalis;K;róża;;;;NA;L;NA;872;;;;NA;NA;NA;4;;;;
630;RÓŻ.W;791000;róża wielokwiatowa;Rosa multiflora;K;róża;;;;NA;L;NA;873;;;;NA;NA;NA;4;;;;
631;RÓŻ.Z;790200;róża żółta;Rosa foetida;K;róża;;;;NA;L;NA;874;;;;NA;NA;NA;4;;;;
632;RUN.J;1030100;runianka japońska;Pachysandra terminalis;K;runianka;;;;NA;L;NA;875;;;;NA;NA;NA;4;;;;
633;SAL.AL.CH;390103;wierzba biała;Salix alba Chermesina;D;wierzba;odm.czerwonopŕdowa;OS;OS;NA;L;NA;876;BRZ;OS;;NA;0;10;4;OS;BRZ;BRZ;BRZ
634;SAL.AL.SE;390104;wierzba biała;Salix alba Sericea;D;wierzba;odm.srebrzysta;OS;OS;NA;L;NA;877;BRZ;OS;;NA;0;10;4;OS;BRZ;BRZ;BRZ
635;SAL.AL.TR;390101;wierzba biała;Salix alba Tristis;D;wierzba;odm.płacząca;OS;OS;NA;L;NA;878;BRZ;OS;;NA;0;10;4;OS;BRZ;BRZ;BRZ
636;SAL.AL.VI;390102;wierzba biała;Salix alba Vittelina;D;wierzba;odm.złocista;OS;OS;NA;L;NA;879;BRZ;OS;;NA;0;10;4;OS;BRZ;BRZ;BRZ
637;SAL.EL.AN;391001;wierzba siwa;Salix elaeagnos Angustifolia;D;wierzba;"odm.""""Angustifolia""""";OS;OS;NA;L;NA;880;BRZ;OS;;NA;0;10;4;OS;BRZ;BRZ;BRZ
638;SAL.FR.BU;390201;wierzba krucha;Salix fragilis Bullata;D;wierzba;"odm.""""Bullata""""";OS;OS;NA;L;NA;881;BRZ;OS;;NA;0;10;4;OS;BRZ;BRZ;BRZ
639;SAL.LA;392100;wierzba lapońska;Salix lapponum;D;wierzba;;OS;OS;NA;L;NA;882;BRZ;OS;;NA;0;10;4;OS;BRZ;BRZ;BRZ
640;SAL.MA.TO;390301;wierzba mandżurska;Salix matsudana Tortuosa;D;wierzba;"odm.""""Tortuosa""""";OS;OS;NA;L;NA;883;BRZ;OS;;NA;0;10;4;OS;BRZ;BRZ;BRZ
641;SAL.PU.GR;390501;wiklina;Salix purpurea Gracilis;K;wierzba;"odm.""""Gracilis""""";OS;OS;NA;L;NA;884;BRZ;OS;;NA;NA;NA;4;OS;BRZ;BRZ;BRZ
642;SAM.NI.AU;1350101;bez czarny;Sambucus nigra Aurea;K;bez;odm.złocista;;;NA;L;NA;885;;;;NA;NA;NA;4;;;;
643;SAM.NI.LA;1350102;bez czarny;Sambucus nigra Laciniata;K;bez;odm.strzępolistna;;;NA;L;NA;886;;;;NA;NA;NA;4;;;;
644;SAM.RA.PA;1350202;bez koralowy;Sambucus racemosa Plumosa Aur.;K;bez;odm.pierzasta złocista;;;NA;L;NA;887;;;;NA;NA;NA;4;;;;
645;SAM.RA.PL;1350201;bez koralowy;Sambucus racemosa Plumosa;K;bez;odm.pierzasta;;;NA;L;NA;888;;;;NA;NA;NA;4;;;;
646;SCH;1390100;suchodrzew pospolity;Lonicera xylosteum;K;suchodrzew;;;;NA;L;NA;53;;;;NA;NA;NA;4;;;;
647;SCH.A;1390500;suchodrzew alpejski;Lonicera alpigena;K;suchodrzew;;;;NA;L;NA;889;;;;NA;NA;NA;4;;;;
648;SCH.C;1390700;suchodrzew czarny;Lonicera nigra;K;suchodrzew;;;;NA;L;NA;890;;;;NA;NA;NA;4;;;;
649;SCH.CH;1390900;suchodrzew chiński;Lonicera pileata;K;suchodrzew;;;;NA;L;NA;891;;;;NA;NA;NA;4;;;;
650;SCH.CR;1391200;suchodrzew ciernisty;Lonicera spinosa;K;suchodrzew;;;;NA;L;NA;892;;;;NA;NA;NA;4;;;;
651;SCH.K;1390300;suchodrzew Korolkowa;Lonicera korolkowii;K;suchodrzew;;;;NA;L;NA;893;;;;NA;NA;NA;4;;;;
652;SCH.L;1391000;suchodrzew Ledeboura;Lonicera ladebourii;K;suchodrzew;;;;NA;L;NA;894;;;;NA;NA;NA;4;;;;
653;SCH.M;1390400;suchodrzew Maacka;Lonicera maackii;K;suchodrzew;;;;NA;L;NA;895;;;;NA;NA;NA;4;;;;
654;SCH.S;1390800;suchodrzew siny;Lonicera coeruela;K;suchodrzew;;;;NA;L;NA;896;;;;NA;NA;NA;4;;;;
655;SCH.SK;1391100;suchodrzew skrytoowocowy;Lonicera involucrata;K;suchodrzew;;;;NA;L;NA;897;;;;NA;NA;NA;4;;;;
656;SCH.T;1390200;suchodrzew tatarski;Lonicera tatarica;K;suchodrzew;;;;NA;L;NA;898;;;;NA;NA;NA;4;;;;
657;SCH.W;1390600;suchodrzew wschodni;Lonicera orientalis;K;suchodrzew;;;;NA;L;NA;899;;;;NA;NA;NA;4;;;;
658;SK.K;450100;skrzydłorzech kaukaski;Pterocarya fraxinifolia;D;skrzydłorzech;;;;NA;L;NA;900;;;;NA;15;25;4;;;;
659;SŁN.S;950100;słonisz srebrzysty;Halimodendron holodendron;K;słonisz;;;;NA;L;NA;901;;;;NA;NA;NA;4;;;;
660;SO;10100;sosna zwyczajna;pinus silvestris;D;sosna;;SO;SO;NA;I;NA;1;SO;SO;SO;100;15;25;4;SO;SO;SO;SO
661;SO.B;10200;sosna Banksa;Pinus banksiana;D;sosna;;SO;SO;NA;I;NA;2;SO;SO;SO;100;15;25;4;SO;SO;SO;SO
662;SO.BL;11300;sosna błotna;Pinus uliginosa;D;sosna;;SO;SO;NA;I;NA;203;SO;SO;SO;100;15;25;4;SO;SO;SO;SO
663;SO.C;10300;sosna czarna;Pinus nigra;D;sosna;;SO;SO;NA;I;NA;3;SO;SO;SO;100;15;25;4;SO;SO;SO;SO
664;SO.H;11200;sosna hakowata;Pinus uncinata;D;sosna;;SO;SO;NA;I;NA;902;SO;SO;;NA;15;25;4;SO;SO;SO;SO
665;SO.J;11000;sosna Jeffreya;Pinus jeffreyi;D;sosna;;SO;SO;NA;I;NA;903;SO;SO;;NA;15;25;4;SO;SO;SO;SO
666;SO.K;10600;kosodrzewina;Pinus mugo;D;sosna;;SO;SO;NA;I;NA;6;SO;SO;SO;100;20;30;4;SO;SO;SO;SO
667;SO.L;10700;sosna limba;Pinus cembra;D;sosna;;SO;SO;NA;I;NA;7;SO;SO;SO;100;15;25;4;SO;SO;SO;SO
668;SO.O;10800;sosna oścista;Pinus aristata;D;sosna;;SO;SO;NA;I;NA;904;SO;SO;;NA;15;25;4;SO;SO;SO;SO
669;SO.S;10400;sosna smołowa;Pinus rigida;D;sosna;;SO;SO;NA;I;NA;4;SO;SO;SO;100;15;25;4;SO;SO;SO;SO
670;SO.W;10900;sosna wydmowa;Pinus contorta;D;sosna;;SO;SO;NA;I;NA;905;SO;SO;;NA;15;25;4;SO;SO;SO;SO
671;SO.WE;10500;sosna wejmutka;Pinus strobus;D;sosna;;SO;SO;NA;I;NA;5;SO;SO;SO;100;15;25;4;SO;SO;SO;SO
672;SO.Ż;11100;sosna żółta;Pinus ponderosa;D;sosna;;SO;SO;NA;I;NA;906;SO;SO;;NA;15;25;4;SO;SO;SO;SO
673;SOF.J;890100;sofora japońska;Sophora japonica;D;sofora;;;;NA;L;NA;907;;;;NA;15;25;4;;;;
674;SOR.AU.ED;730101;jarzab pospolity;Sorbus aucuparia Edulis;D;jarząb;"odm.""""Edulis""""";BRZ;BRZ;NA;L;NA;908;BRZ;BRZ;;NA;15;20;4;BRZ;BRZ;BRZ;BRZ
675;SOR.AU.JA;730103;jarzab pospolity;Sorbus aucuparia;D;jarząb;odm.japonska;BRZ;BRZ;NA;L;NA;909;BRZ;BRZ;;NA;15;20;4;BRZ;BRZ;BRZ;BRZ
676;SOR.AU.PE;730102;jarzab pospolity;Sorbus aucuparia Pendula;D;jarząb;"odm.""""Pendula""""";BRZ;BRZ;NA;L;NA;910;BRZ;BRZ;;NA;15;20;4;BRZ;BRZ;BRZ;BRZ
677;SOR.J;660100;sorbaria jarzębolistna;Sorbaria sorbifolia;K;sorbaria;;;;NA;L;NA;911;;;;NA;NA;NA;4;;;;
678;SPI.BU.AW;640701;tawuła drobna;Spiraea bumalda Anthony Water.;K;tawuła;"odm.""""Anthony Waterer""""";;;NA;L;NA;912;;;;NA;NA;NA;4;;;;
679;SPI.BU.CR;640704;tawuła drobna;Spiraea bumalda Crispa;K;tawuła;"odm.""""Crispa""""";;;NA;L;NA;913;;;;NA;NA;NA;4;;;;
680;SPI.BU.FR;640703;tawuła drobna;Spiraea bumalda Froebelli;K;tawuła;"odm.""""Froebelii""""";;;NA;L;NA;914;;;;NA;NA;NA;4;;;;
681;SPI.BU.PR;640702;tawuła drobna;Spiraea bumalda Pruhoniciana;K;tawuła;"odm.""""Pruhoniciana""""";;;NA;L;NA;915;;;;NA;NA;NA;4;;;;
682;SPI.CH.UL;640501;tawuła ożankolistna;Spiraea chamaedryfolia ulmifol;K;tawuła;odm.wiązolistna;;;NA;L;NA;916;;;;NA;NA;NA;4;;;;
683;STE.P;670200;stefanandra pogięta;Stephanandra incisa;K;stefanandra;;;;NA;L;NA;917;;;;NA;NA;NA;4;;;;
684;STE.T;670100;stefanandra tanaki;Stephanandra tanakae;K;stefanandra;;;;NA;L;NA;918;;;;NA;NA;NA;4;;;;
685;STR.Z;900100;strączyn żółty;Cladrastis lutea;D;strączyn;;;;NA;L;NA;919;;;;NA;15;25;4;;;;
686;SUM.O;1040100;sumak octowiec;Rhus typhina;K;sumak;;;;NA;L;NA;920;;;;NA;NA;NA;4;;;;
687;SYR.AM.JA;1280801;lilak amurski;Syringa amurensis japonica;K;lilak;odm.japońska;;;NA;L;NA;921;;;;NA;NA;NA;4;;;;
688;SZD.B;960500;szczodrzeniec biały;Cytisus albus;K;szczodrzeni;;;;NA;L;NA;922;;;;NA;NA;NA;4;;;;
689;SZD.C;960200;szczodrzeniec czerniejący;Cytisus nigricans;K;szczodrzeni;;;;NA;L;NA;923;;;;NA;NA;NA;4;;;;
690;SZD.G;960400;szczodrzeniec główkowaty;Cytisus supinus;K;szczodrzeni;;;;NA;L;NA;924;;;;NA;NA;NA;4;;;;
691;SZD.J;120100;szydlica japońska;Cryptomeria japonica;D;szydlica;;;;NA;I;NA;925;;;;NA;NA;NA;4;;;;
692;SZD.P;960600;szczodrzeniec purpurowy;Cytisus purpureus;K;szczodrzeni;;;;NA;L;NA;926;;;;NA;NA;NA;4;;;;
693;SZD.R;960300;szczodrzeniec rozesłany;Cytisus ratisbonesis;K;szczodrzeni;;;;NA;L;NA;927;;;;NA;NA;NA;4;;;;
694;SZF.S;1210100;szeferdia srebrzysta;Shepherdia argentea;K;szeferdia;;;;NA;L;NA;928;;;;NA;NA;NA;4;;;;
695;SZK;1110100;szakłak pospolity;Rhamnus cathartica;K;szakłak;;;;NA;L;NA;54;;;;NA;NA;NA;4;;;;
696;SZK.W;1110200;szakłak wielkolistny;Rhamnus imeretina;K;szakłak;;;;NA;L;NA;929;;;;NA;NA;NA;4;;;;
697;ŚL;850300;śliwa domowa;Prunus domestica;D;śliwa;;BRZ;BRZ;NA;L;NA;85;BRZ;BRZ;OS;50;15;25;4;BRZ;BRZ;BRZ;BRZ
698;ŚL.A;850400;śliwa ałycza;;D;śliwa;;BRZ;BRZ;NA;L;NA;101;BRZ;BRZ;OS;50;15;25;4;BRZ;BRZ;BRZ;BRZ
699;ŚL.L;850500;śliwa lubaszka;Prunus insititia;D;śliwa;;BRZ;BRZ;NA;L;NA;930;BRZ;BRZ;;NA;15;25;4;BRZ;BRZ;BRZ;BRZ
700;ŚL.T;850100;śliwa tarnina;Prunus spinosa;K;śliwa;;;;NA;L;NA;57;;;;NA;NA;NA;4;;;;
701;ŚL.W;850200;śliwa wiśniowa;Prunus cerasifera;K;śliwa;;;;NA;L;NA;931;;;;NA;NA;NA;4;;;;
702;ŚNG.B;1370100;śnieguliczka biała;Symphoricarpos albus;K;śnieguliczka;;;;NA;L;NA;56;;;;NA;NA;NA;4;;;;
703;ŚNG.C;1370300;śnieguliczka Chenaulta;Symphoricarpos chenaultii;K;śnieguliczka;;;;NA;L;NA;932;;;;NA;NA;NA;4;;;;
704;ŚNG.K;1370200;śnieguliczka koralowa;Symphoricarpos orbiculatus;K;śnieguliczka;;;;NA;L;NA;933;;;;NA;NA;NA;4;;;;
705;ŚW;30100;świerk pospolity;Picea abies;D;świerk;;ŚW;ŚW;NA;I;NA;11;ŚW;ŚW;ŚW;100;15;30;4;ŚW;ŚW;ŚW;ŚW
706;ŚW.A;30900;świerk ajański;Picea jezoensis;D;świerk;;ŚW;ŚW;NA;I;NA;934;ŚW;ŚW;;NA;15;30;4;ŚW;ŚW;ŚW;ŚW
707;ŚW.B;30700;świerk biały;Picea glauca;D;świerk;;ŚW;ŚW;NA;I;NA;935;ŚW;ŚW;;NA;15;30;4;ŚW;ŚW;ŚW;ŚW
708;ŚW.B.AG;30701;świerk biały;Picea glauca;D;świerk;odm.Alberta Globe;ŚW;ŚW;NA;I;NA;936;ŚW;ŚW;;NA;15;30;4;ŚW;ŚW;ŚW;ŚW
709;ŚW.B.C;30702;świerk biały;Picea glauca;D;świerk;odm.Conica;ŚW;ŚW;NA;I;NA;937;ŚW;ŚW;;NA;15;30;4;ŚW;ŚW;ŚW;ŚW
710;ŚW.BR;30500;świerk Brewera;Picea breweriana;D;świerk;;ŚW;ŚW;NA;I;NA;938;ŚW;ŚW;;NA;15;30;4;ŚW;ŚW;ŚW;ŚW
711;ŚW.C;30200;świerk chiński;Picea asperata;D;świerk;;ŚW;ŚW;NA;I;NA;939;ŚW;ŚW;;NA;15;30;4;ŚW;ŚW;ŚW;ŚW
712;ŚW.CZ;31200;świerk czarny;Picea mariana;D;świerk;;ŚW;ŚW;NA;I;NA;940;ŚW;ŚW;;NA;15;30;4;ŚW;ŚW;ŚW;ŚW
713;ŚW.D;30300;świerk dwubarwny;Picea bicolor;D;świerk;;ŚW;ŚW;NA;I;NA;941;ŚW;ŚW;;NA;15;30;4;ŚW;ŚW;ŚW;ŚW
714;ŚW.E;30600;świerk Engelmanna;Picea engelmannii;D;świerk;;ŚW;ŚW;NA;I;NA;942;ŚW;ŚW;;NA;15;30;4;ŚW;ŚW;ŚW;ŚW
715;ŚW.H;31800;świerk himalajski;Picea smithiana;D;świerk;;ŚW;ŚW;NA;I;NA;943;ŚW;ŚW;;NA;15;30;4;ŚW;ŚW;ŚW;ŚW
716;ŚW.J;31000;świerk japoński;Picea koyamai;D;świerk;;ŚW;ŚW;NA;I;NA;944;ŚW;ŚW;;NA;15;30;4;ŚW;ŚW;ŚW;ŚW
717;ŚW.K;31500;świerk kaukaski;Picea orientalis;D;świerk;;ŚW;ŚW;NA;I;NA;945;ŚW;ŚW;;NA;15;30;4;ŚW;ŚW;ŚW;ŚW
718;ŚW.KB;31900;świerk kłujący;Picea pungens;D;świerk;odm.Białobok;ŚW;ŚW;NA;I;NA;946;ŚW;ŚW;;NA;15;30;4;ŚW;ŚW;ŚW;ŚW
719;ŚW.L;31100;świerk likiangeński;Picea likiangensis;D;świerk;;ŚW;ŚW;NA;I;NA;947;ŚW;ŚW;;NA;15;30;4;ŚW;ŚW;ŚW;ŚW
720;ŚW.S;30400;świerk Sargenta;Picea brachytyla;D;świerk;;ŚW;ŚW;NA;I;NA;948;ŚW;ŚW;;NA;15;30;4;ŚW;ŚW;ŚW;ŚW
721;ŚW.S.A.;30800;świerk sachalinski;Picea glehnii;D;świerk;;ŚW;ŚW;NA;I;NA;949;ŚW;ŚW;;NA;15;30;4;ŚW;ŚW;ŚW;ŚW
722;ŚW.SE;31400;świerk serbski;Picea omorika;D;świerk;;ŚW;ŚW;NA;I;NA;950;ŚW;ŚW;;NA;15;30;4;ŚW;ŚW;ŚW;ŚW
723;ŚW.SI;31700;świerk sitkajski;Picea sitchensis;D;świerk;;ŚW;ŚW;NA;I;NA;951;ŚW;ŚW;;NA;15;30;4;ŚW;ŚW;ŚW;ŚW
724;ŚW.SR;31600;świerk srebrny;Picea pungens;D;świerk;;ŚW;ŚW;NA;I;NA;952;ŚW;ŚW;;NA;15;30;4;ŚW;ŚW;ŚW;ŚW
725;ŚW.SY;31300;świerk syberyjski;Picea obovata;D;świerk;;ŚW;ŚW;NA;I;NA;953;ŚW;ŚW;;NA;15;30;4;ŚW;ŚW;ŚW;ŚW
726;ŚWŚ.J;780100;świdośliwa jajowata;Amelanchier ovalis;K;świdośliwa;;;;NA;L;NA;954;;;;NA;NA;NA;4;;;;
727;ŚWŚ.K;780200;świdośliwa kanadyjska;Amelanchier canadensis;K;świdośliwa;;;;NA;L;NA;955;;;;NA;NA;NA;4;;;;
728;TAM.C;1170400;tamaryszek czteropręcikowy;Tamarix tetrandra;K;tamaryszek;;;;NA;L;NA;956;;;;NA;NA;NA;4;;;;
729;TAM.D;1170300;tamaryszek drobnokwiatowy;Tamarix parviflora;K;tamaryszek;;;;NA;L;NA;957;;;;NA;NA;NA;4;;;;
730;TAM.F;1170700;tamaryszek francuski;Tamarix gallica;K;tamaryszek;;;;NA;L;NA;958;;;;NA;NA;NA;4;;;;
731;TAM.O;1170600;tamaryszek odeski;Tamarix odessana;K;tamaryszek;;;;NA;L;NA;959;;;;NA;NA;NA;4;;;;
732;TAM.P;1170500;tamaryszek pieciopręcikowy;Tamarix pentandra;K;tamaryszek;;;;NA;L;NA;960;;;;NA;NA;NA;4;;;;
733;TAW.B;640800;tawuła białokwiatowa;Spiraea albiflora;K;tawuła;;;;NA;L;NA;961;;;;NA;NA;NA;4;;;;
734;TAW.BI;641100;tawuła Billarda;Spiraea billardii;K;tawuła;;;;NA;L;NA;962;;;;NA;NA;NA;4;;;;
735;TAW.CI.G;641300;tawuła;Spiraea cinerea;K;tawuła;odm. Grefsheim;;;NA;L;NA;963;;;;NA;NA;NA;4;;;;
736;TAW.D;640700;tawuła drobna;Spiraea bumalda;K;tawuła;;;;NA;L;NA;964;;;;NA;NA;NA;4;;;;
737;TAW.DE;641400;tawuła;Spiraea densiflora;K;tawuła;;;;NA;L;NA;965;;;;NA;NA;NA;4;;;;
738;TAW.DG;641000;tawuła Douglasa;Spiraea douglasii;K;tawuła;;;;NA;L;NA;966;;;;NA;NA;NA;4;;;;
739;TAW.H;640400;tawuła van Houtte'a;Spiraea vanhouttei;K;tawuła;;;;NA;L;NA;967;;;;NA;NA;NA;4;;;;
740;TAW.J;640600;tawuła japońska;Spiraea japonica;K;tawuła;;;;NA;L;NA;968;;;;NA;NA;NA;4;;;;
741;TAW.J.G;640601;tawuła japońska;Spiraea japonica;K;tawuła;oodm. Golden Princess;;;NA;L;NA;969;;;;NA;NA;NA;4;;;;
742;TAW.J.L;640602;tawuła japońska;Spiraea japonica;K;tawuła;odm. Little Princess;;;NA;L;NA;970;;;;NA;NA;NA;4;;;;
743;TAW.M;640900;tawuła Menziesa;Spiraea menziesii;K;tawuła;;;;NA;L;NA;971;;;;NA;NA;NA;4;;;;
744;TAW.O;640500;tawuła ożankolistna;Spiraea chamaedryfolia;K;tawuła;;;;NA;L;NA;972;;;;NA;NA;NA;4;;;;
745;TAW.Ś;640100;tawuła śliwolistna;Spiraea prunifolia;K;tawuła;;;;NA;L;NA;973;;;;NA;NA;NA;4;;;;
746;TAW.T;640200;tawuła Thunberga;Spiraea thunbergii;K;tawuła;;;;NA;L;NA;974;;;;NA;NA;NA;4;;;;
747;TAW.W;640300;tawuła wczesna;Spiraea arguta;K;tawuła;;;;NA;L;NA;975;;;;NA;NA;NA;4;;;;
748;TAW.WB;641200;tawuła wierzbolistna;Spiraea salicifolia;K;tawuła;;;;NA;L;NA;976;;;;NA;NA;NA;4;;;;
749;TIL.AM.AM;400602;lipa amerykańska;Tilia americana Ampelophylla;D;lipa;"odm.""""Ampelophylla""""";OS;BK;NA;L;NA;977;BRZ;OS;;NA;10;15;4;LP;BRZ;BK;BK
750;TIL.AM.FA;400603;lipa amerykańska;Tilia americana Fastigiata;D;lipa;"odm.""""Fastigiata""""";OS;BK;NA;L;NA;978;BRZ;OS;;NA;10;15;4;LP;BRZ;BK;BK
751;TIL.AM.MA;400601;lipa amerykańska;Tilia americana Macrophylla;D;lipa;"odm.""""Macrophylla""""";OS;BK;NA;L;NA;979;BRZ;OS;;NA;10;15;4;LP;BRZ;BK;BK
752;TIL.PL.LA;400204;lipa szerokolistna;Tilia platyphyllos Laciniata;D;lipa;"odm.""""Laciniata""""";OS;BK;NA;L;NA;980;BRZ;OS;;NA;10;15;4;LP;BRZ;BK;BK
753;TIL.PL.PA;400201;lipa szerokolistna;Tilia platyphyllos Pyram.Aurea;D;lipa;"odm.""""Pyramidalis Aurea""""";OS;BK;NA;L;NA;981;BRZ;OS;;NA;10;15;4;LP;BRZ;BK;BK
754;TIL.PL.RU;400202;lipa szerokolistna;Tilia platyphyllos Rubra;D;lipa;"odm.""""Rubra""""";OS;BK;NA;L;NA;982;BRZ;OS;;NA;10;15;4;LP;BRZ;BK;BK
755;TIL.PL.VI;400203;lipa szerokolistna;Tilia platyphyllos Vitifolia;D;lipa;"odm.""""Vitifolia""""";OS;BK;NA;L;NA;983;BRZ;OS;;NA;10;15;4;LP;BRZ;BK;BK
756;TOR.K;220100;torreja kalifornijska;Torreya californica;D;torreja;;;;NA;I;NA;984;;;;NA;0;10;4;;;;
757;TOR.O;220200;torreja orzechowa;Torreya nucifera;D;torreja;;;;NA;I;NA;985;;;;NA;0;10;4;;;;
758;TP;380100;topola biała;Populus alba;D;topola;;OS;OS;NA;L;NA;90;BRZ;OS;OL;40;0;10;4;TP;BRZ;BRZ;BRZ
759;TP.B;381000;topola berlińska;Populus berolinensis;D;topola;;OS;OS;NA;L;NA;986;BRZ;OS;;NA;0;10;4;TP;BRZ;BRZ;BRZ
760;TP.C;380400;topola czarna;Populus nigra;D;topola;;OS;OS;NA;L;NA;100;BRZ;OS;OL;40;0;10;4;TP;BRZ;BRZ;BRZ
761;TP.CH;380600;topola chińska;Populus simonii;D;topola;;OS;OS;NA;L;NA;987;BRZ;OS;;NA;0;10;4;TP;BRZ;BRZ;BRZ
762;TP.K;380500;topola kanadyjska;Populus canadensis;D;topola;;OS;OS;NA;L;NA;988;BRZ;OS;;NA;0;10;4;TP;BRZ;BRZ;BRZ
763;TP.KO;380900;topola koreańska;Populus koreana;D;topola;;OS;OS;NA;L;NA;989;BRZ;OS;;NA;0;10;4;TP;BRZ;BRZ;BRZ
764;TP.M;380800;topola Maksymowicza;Populus maximowiczii;D;topola;;OS;OS;NA;L;NA;990;BRZ;OS;;NA;0;10;4;TP;BRZ;BRZ;BRZ
765;TP.NO;381200;topola nieokreślona;Populus species;D;topola;;OS;OS;NA;L;NA;991;BRZ;OS;;NA;0;10;4;TP;BRZ;BRZ;BRZ
766;TP.P;381100;topola petrowska;Populus petrowskyana;D;topola;;OS;OS;NA;L;NA;992;BRZ;OS;;NA;0;10;4;TP;BRZ;BRZ;BRZ
767;TP.S;380300;topola szara;Populus canescens;D;topola;;OS;OS;NA;L;NA;993;BRZ;OS;;NA;0;10;4;TP;BRZ;BRZ;BRZ
768;TRZ;1070100;trzmielina pospolita;Euonymus europaea;K;trzmielina;;;;NA;L;NA;59;;;;NA;NA;NA;4;;;;
769;TRZ.B;1070200;trzmielina brodawkowata;Euonymus verrucosa;K;trzmielina;;;;NA;L;NA;58;;;;NA;NA;NA;4;;;;
770;TRZ.F;1070400;trzmielina Fortune'a;Euonymus fortunei;K;trzmielina;;;;NA;L;NA;994;;;;NA;NA;NA;4;;;;
771;TRZ.N;1070500;trzmielina niska;Euonymus nana;K;trzmielina;;;;NA;L;NA;995;;;;NA;NA;NA;4;;;;
772;TRZ.S;1070300;trzmielina szerokolistna;Euonymus latifolia;K;trzmielina;;;;NA;L;NA;996;;;;NA;NA;NA;4;;;;
773;TS.C;230300;choina chińska;Tsuga chinensis;D;choina;;;;NA;I;NA;997;;;;NA;15;20;4;;;;
774;TS.K;230100;choina kanadyjska;Tsuga canadensis;D;choina;;JD;JD;NA;I;NA;200;JD;JD;JD;120;15;20;4;JD;JD;JD;JD
775;TS.K.N;230101;choina kanadyjska;Tsuga canadensis;D;choina;odm. Nana;;;NA;I;NA;998;;;;NA;15;20;4;;;;
776;TS.KA;230200;choina karolińska;Tsuga caroliniana;D;choina;;;;NA;I;NA;999;;;;NA;15;20;4;;;;
777;TS.R;230400;choina różnolistna;Tsuga diversifolia;D;choina;;;;NA;I;NA;1000;;;;NA;15;20;4;;;;
778;TS.S;230600;choina Siebolda;Tsuga sieboldii;D;choina;;;;NA;I;NA;1001;;;;NA;15;20;4;;;;
779;TS.Z;230500;choina zachodnia;Tsuga heterophylla;D;choina;;;;NA;I;NA;1002;;;;NA;15;20;4;;;;
780;TUL.A;540100;tulipanowiec amerykański;Liriodendron tulipifera;D;tulipanowiec;;;;NA;L;NA;1003;;;;NA;25;30;4;;;;
781;TWŁ.K;650100;tawułowiec kalinolistny;Physocarpus opulifolius;K;tawułowiec;;;;NA;L;NA;1004;;;;NA;NA;NA;4;;;;
782;ULM.CA.DA;330403;wiąz polny;Ulmus carpinifolia Dampieri;D;wiąz;"odm.""""Dampieri""""";DB;DB;NA;L;NA;1005;DB;DB;;NA;20;30;4;WZ;DB;BK;BK
783;ULM.CA.SU;330401;wiąz polny;Ulmus carpinifolia suberosa;D;wiąz;odm.korkowa;DB;DB;NA;L;NA;1006;DB;DB;;NA;20;30;4;WZ;DB;BK;BK
784;ULM.CA.UM;330402;wiąz polny;Ulmus carpinifolia Umbraculif.;D;wiąz;"odm.""""Umbraculifera""""";DB;DB;NA;L;NA;1007;DB;DB;;NA;20;30;4;WZ;DB;BK;BK
785;ULM.CA.VR;330404;wiąz polny;Ulmus carpinifolia Wredei;D;wiąz;"odm.""""Wrede'a""""";DB;DB;NA;L;NA;1008;DB;DB;;NA;20;30;4;WZ;DB;BK;BK
786;ULM.GL.CA;330301;wiąz górski;Ulmus glabra Camperdownii;D;wiąz;"odm.""""Camperdownii""""";DB;DB;NA;L;NA;1009;DB;DB;;NA;20;30;4;WZ;DB;BK;BK
787;ULM.GL.EX;330303;wiąz górski;Ulmus glabra Exoniensis;D;wiąz;"odm.""""Exoniensis""""";DB;DB;NA;L;NA;1010;DB;DB;;NA;20;30;4;WZ;DB;BK;BK
788;ULM.GL.PE;330302;wiąz górski;Ulmus glabra Pendula;D;wiąz;"odm.""""Pendula""""";DB;DB;NA;L;NA;1011;DB;DB;;NA;20;30;4;WZ;DB;BK;BK
789;ULM.PU.AR;330501;wiąz syberyjski;Ulmus pumila arborea;D;wiąz;odm.turkiestanska;DB;DB;NA;L;NA;1012;DB;DB;;NA;20;30;4;WZ;DB;BK;BK
790;VIB.OP.RO;1360101;kalina koralowa;Viburnum opulus Roseum;K;kalina;odm.płonna;;;NA;L;NA;1013;;;;NA;NA;NA;4;;;;
791;WAJ.C;1380100;wajgela cudowna;Weigela florida;K;wajgela;;;;NA;L;NA;1014;;;;NA;NA;NA;4;;;;
792;WAW.WIL;NA;wawrzynek wilczełyko;;K;;;;;NA;L;NA;NA;;;;0;NA;NA;4;;;;
793;WB;390100;wierzba biała;Salix alba;D;wierzba;;OS;OS;NA;L;NA;92;BRZ;OS;OS;50;0;10;4;OS;BRZ;BRZ;BRZ
794;WB.K;390200;wierzba krucha;Salix fragilis;D;wierzba;;OS;OS;NA;L;NA;1015;BRZ;OS;;NA;0;10;4;OS;BRZ;BRZ;BRZ
795;WB.L;390400;wierzba laurowa;Salix pentandra;D;wierzba;;OS;OS;NA;L;NA;1016;BRZ;OS;;NA;0;10;4;OS;BRZ;BRZ;BRZ
796;WB.M;390300;wierzba mandżurska;Salix matsudana;D;wierzba;;OS;OS;NA;L;NA;1017;BRZ;OS;;NA;0;10;4;OS;BRZ;BRZ;BRZ
797;WB.NO;391100;wierzba nieokreślona;Salix species;D;wierzba;;OS;OS;NA;L;NA;1018;BRZ;OS;;NA;0;10;4;OS;BRZ;BRZ;BRZ
798;WB.O;390700;wierzba ostrolistna;Salix acutifolia;D;wierzba;;OS;OS;NA;L;NA;1019;BRZ;OS;;NA;0;10;4;OS;BRZ;BRZ;BRZ
799;WB.P;392200;wierzba pięciopręcikowa;Salix pentandra;D;wierzba;;OS;OS;NA;L;NA;1020;BRZ;OS;;NA;0;10;4;OS;BRZ;BRZ;BRZ
800;WB.PZ;392300;wierzba płożąca;Salix repens;K;wierzba;;OS;OS;NA;L;NA;1021;BRZ;OS;;NA;NA;NA;4;OS;BRZ;BRZ;BRZ
801;WB.RO;392400;wierzba rokita;Salix rosmarinifolia;D;wierzba;;OS;OS;NA;L;NA;1022;BRZ;OS;;NA;0;10;4;OS;BRZ;BRZ;BRZ
802;WB.S;391000;wierzba siwa;Salix elaeagnos;D;wierzba;;OS;OS;NA;L;NA;1023;BRZ;OS;;NA;0;10;4;OS;BRZ;BRZ;BRZ
803;WB.SL;392500;wierzba śląska;Salix silesiaca;D;wierzba;;OS;OS;NA;L;NA;1024;BRZ;OS;;NA;0;10;4;OS;BRZ;BRZ;BRZ
804;WB.SZ.H;392700;wierzba szczepiona;Salix integra;D;wierzba;odm. Hacuro Nishiki;OS;OS;NA;L;NA;1025;BRZ;OS;;NA;0;10;4;OS;BRZ;BRZ;BRZ
805;WB.TR;392600;wierzba trójpręcikowa;Salix triandra;D;wierzba;;OS;OS;NA;L;NA;1026;BRZ;OS;;NA;0;10;4;OS;BRZ;BRZ;BRZ
806;WB.W;390600;wierzba wawrzynkowa;Salix daphnoides;D;wierzba;;OS;OS;NA;L;NA;1027;BRZ;OS;;NA;0;10;4;OS;BRZ;BRZ;BRZ
807;WB.WI;390900;wierzba wiciowa;Salix viminalis;D;wierzba;;OS;OS;NA;L;NA;1028;BRZ;OS;;NA;0;10;4;OS;BRZ;BRZ;BRZ
808;WB.Z;392000;wierzba zielna;Salix herbacea;D;wierzba;;OS;OS;NA;L;NA;1029;BRZ;OS;;NA;0;10;4;OS;BRZ;BRZ;BRZ
809;WCK.H;1400400;wiciokrzew Heckrotta;Lonicera hecrottii;K;wiciokrzew;;;;NA;L;NA;1030;;;;NA;NA;NA;4;;;;
810;WCK.P;1400100;wiciokrzew pomorski;Lonicera periclymenum;K;wiciokrzew;;;;NA;L;NA;1031;;;;NA;NA;NA;4;;;;
811;WCK.PR;1400200;wiciokrzew przewiercien;Lonicera caprifolium;K;wiciokrzew;;;;NA;L;NA;1032;;;;NA;NA;NA;4;;;;
812;WCK.T;1400300;wiciokrzew Tellmanna;Lonicera tellmanniana;K;wiciokrzew;;;;NA;L;NA;1033;;;;NA;NA;NA;4;;;;
813;WEI.FL.AL;1380102;wajgela cudowna;Weigela florida Alba;K;wajgela;odm.białokwiatowa;;;NA;L;NA;1034;;;;NA;NA;NA;4;;;;
814;WEI.FL.PU;1380103;wajgela cudowna;Weigela florida Purpurea;K;wajgela;odm.purpurowa;;;NA;L;NA;1035;;;;NA;NA;NA;4;;;;
815;WEI.FL.VA;1380104;wajgela cudowna;Weigela florida Variegata;K;wajgela;odm.pstrolistna;;;NA;L;NA;1036;;;;NA;NA;NA;4;;;;
816;WEI.FL.VE;1380101;wajgela cudowna;Weigela florida Venusta;K;wajgela;odm.koreanska;;;NA;L;NA;1037;;;;NA;NA;NA;4;;;;
817;WIK;390500;wiklina (wba purpurowa);Salix purpurea;K;wierzba;;OS;OS;NA;L;NA;69;BRZ;OS;;NA;NA;NA;4;OS;BRZ;BRZ;BRZ
818;WIK.N;390502;wierzba purpurowa;Salix purpurea;K;wierzba;odm. Nana;OS;OS;NA;L;NA;1038;BRZ;OS;;NA;NA;NA;4;OS;BRZ;BRZ;BRZ
819;WIN.P;1140100;winobluszcz pięciolistkowy;Parthenocissus quinquefolia;K;winobluszcz;;;;NA;L;NA;1039;;;;NA;NA;NA;4;;;;
820;WIN.T;1140300;winobluszcz trójklapowy;Parthenocissus tricuspidata;K;winobluszcz;;;;NA;L;NA;1040;;;;NA;NA;NA;4;;;;
821;WIN.Z;1140200;winobluszcz zaroślowy;Parthenocissus vitacea;K;winobluszcz;;;;NA;L;NA;1041;;;;NA;NA;NA;4;;;;
822;WIS.G;851600;wisnia gruczołkowata;Prunus glandulosa;D;śliwa;;BRZ;BRZ;NA;L;NA;1042;BRZ;BRZ;;NA;10;20;4;BRZ;BRZ;BRZ;BRZ
823;WIS.P;851500;wisnia piłkowana;Prunus serrulata;D;śliwa;;BRZ;BRZ;NA;L;NA;1043;BRZ;BRZ;;NA;10;20;4;BRZ;BRZ;BRZ;BRZ
824;WIS.W;851700;wiśnia wonna;Prunus mahaleb;D;śliwa;;BRZ;BRZ;NA;L;NA;1044;BRZ;BRZ;;NA;10;20;4;BRZ;BRZ;BRZ;BRZ
825;WIŚ;851100;wiśnia pospolita;Prunus cerasus;D;śliwa;;BRZ;BRZ;NA;L;NA;83;BRZ;BRZ;OS;50;10;20;4;BRZ;BRZ;BRZ;BRZ
826;WIŚ.K;851200;wiśnia karłowa;Prunus fruticosa;K;śliwa;;BRZ;BRZ;NA;L;NA;1045;BRZ;BRZ;;NA;NA;NA;4;BRZ;BRZ;BRZ;BRZ
827;WSN.P;1180100;września pobrzeżna;Myricaria germanica;K;września;;;;NA;L;NA;1046;;;;NA;NA;NA;4;;;;
828;WŚL.A;1130200;winorośl amurska;Vitis amurensis;K;winorośl;;;;NA;L;NA;1047;;;;NA;NA;NA;4;;;;
829;WŚL.J;1130300;winorośl japońska;Vitis coignetiae;K;winorośl;;;;NA;L;NA;1048;;;;NA;NA;NA;4;;;;
830;WŚL.P;1130100;winorośl pachnąca;Vitis riparia;K;winorośl;;;;NA;L;NA;1049;;;;NA;NA;NA;4;;;;
831;WZ;330100;wiąz pospolity;Ulmus;D;wiąz;;DB;DB;NA;L;NA;46;GB;GB;BK;120;20;30;4;WZ;BK;BK;BK
832;WZ.NO;330600;wiąz nieokreslony;Ulmus species;D;wiąz;;DB;DB;NA;L;NA;1050;GB;GB;;NA;20;30;4;WZ;BK;BK;BK
833;WZ.P;330400;wiąz polny;Ulmus carpinifolia;D;wiąz;;DB;DB;NA;L;NA;1051;GB;GB;;NA;20;30;4;WZ;BK;BK;BK
834;WZ.S;330200;wiąz szypułkowy;Ulmus laevis;D;wiąz;;DB;DB;NA;L;NA;1052;GB;GB;;NA;20;30;4;WZ;BK;BK;BK
835;WZ.SY;330500;wiąz syberyjski;Ulmus pumila;D;wiąz;;DB;DB;NA;L;NA;1053;GB;GB;;NA;20;30;4;WZ;BK;BK;BK
836;WZW.P;420200;wiazowiec południowy;Celtis australis;D;wiazowiec;;;;NA;L;NA;1054;;;;NA;20;30;4;;;;
837;WZW.Z;420100;wiazowiec zachodni;Celtis occidentalis;D;wiazowiec;;DB;DB;NA;L;NA;1055;DB;DB;;NA;20;30;4;WZ;DB;BK;BK
838;ZŁK;980100;złotokap pospolity;Laburnum anagyroides;K;złotokap;;;;NA;L;NA;1056;;;;NA;NA;NA;4;;;;
839;ZŁK.A;980200;złotokap  alpejski;Laburnum alpinum;K;złotokap;;;;NA;L;NA;1057;;;;NA;NA;NA;4;;;;
840;ZŁK.W;980300;złotokap  Waterera;Laburnum watereri;K;złotokap;;;;NA;L;NA;1058;;;;NA;NA;NA;4;;;;
841;ZŁT.J;800100;złotlin japoński;Kerria japonica;K;złotlin;;;;NA;L;NA;1059;;;;NA;NA;NA;4;;;;
842;ŻAR.M;960100;żarnowiec miotlasty;Cytisus scoparius;K;żarnowiec;;;;NA;L;NA;1060;;;;NA;NA;NA;4;;;;
843;ŻWC.J;210100;żywotnikowiec japoński;Thujopsis dolabrata;D;żywotnikowiec;;;;NA;I;NA;1061;;;;NA;20;30;4;;;;
844;ŻYL.L;560400;żylistek Lemoine'a;Deutzia lemoinei;K;żylistek;;;;NA;L;NA;1062;;;;NA;NA;NA;4;;;;
845;ŻYL.R;560200;żylistek różowy;Deutzia rosea;K;żylistek;;;;NA;L;NA;1063;;;;NA;NA;NA;4;;;;
846;ŻYL.S;560300;żylistek szorstki;Deutzia scabra;K;żylistek;;;;NA;L;NA;1064;;;;NA;NA;NA;4;;;;
847;ŻYL.W;560100;żylistek wysmukły;Deutzia gracilis;K;żylistek;;;;NA;L;NA;1065;;;;NA;NA;NA;4;;;;
848;ŻYW.J;200500;żywotnik japoński;Thuja standishii;K;żywotnik;;;;NA;I;NA;1066;;;;NA;NA;NA;4;;;;
849;ŻYW.K;200100;żywotnik koreański;Thuja koraiensis;K;żywotnik;;;;NA;I;NA;1067;;;;NA;NA;NA;4;;;;
850;ŻYW.O;200400;żywotnik olbrzymi;Thuja plicata;D;żywotnik;;JD;JD;NA;I;NA;204;JD;JD;JD;120;20;30;4;JD;JD;JD;JD
851;ŻYW.W;200300;żywotnik wschodni;Thuja orintalis;D;żywotnik;;JD;JD;NA;I;NA;205;JD;JD;JD;120;20;30;4;JD;JD;JD;JD
852;ŻYW.W.AN;200301;żywotnik wschodni;Thuja orientalis;K;żywotnik;odm. Aurea Nana;;;NA;I;NA;1068;;;;NA;NA;NA;4;;;;
853;ŻYW.Z;200200;żywotnik zachodni;Thuja occidentalis;D;żywotnik;;JD;JD;NA;I;NA;25;JD;JD;JD;120;20;30;4;JD;JD;JD;JD
854;ŻYW.Z.D;200201;żywotnik zachodni;Thuja occidentalis;K;żywotnik;odm. Danica;;;NA;I;NA;1069;;;;NA;NA;NA;4;;;;
855;ŻYW.Z.RH;200202;żywotnik zachodni;Thuja occidentalis;K;żywotnik;odm. Rheingold;;;NA;I;NA;1070;;;;NA;NA;NA;4;;;;
856;ŻYW.Z.SM;200203;żywotnik zachodni;Thuja occidentalis;K;żywotnik;odm. Smaragd;;;NA;I;NA;1071;;;;NA;NA;NA;4;;;;
857;ŻYW.Z.SU;200204;żywotnik zachodni;Thuja occidentalis;K;żywotnik;odm. Sunkist;;;NA;I;NA;1072;;;;NA;NA;NA;4;;;;
